date,state,fips,cases,deaths,new_cases
2020-01-26,Arizona,4,1,0,0.0
2020-01-27,Arizona,4,1,0,0.0
2020-01-28,Arizona,4,1,0,0.0
2020-01-29,Arizona,4,1,0,0.0
2020-01-30,Arizona,4,1,0,0.0
2020-01-31,Arizona,4,1,0,0.0
2020-02-01,Arizona,4,1,0,0.0
2020-02-02,Arizona,4,1,0,0.0
2020-02-03,Arizona,4,1,0,0.0
2020-02-04,Arizona,4,1,0,0.0
2020-02-05,Arizona,4,1,0,0.0
2020-02-06,Arizona,4,1,0,0.0
2020-02-07,Arizona,4,1,0,0.0
2020-02-08,Arizona,4,1,0,0.0
2020-02-09,Arizona,4,1,0,0.0
2020-02-10,Arizona,4,1,0,0.0
2020-02-11,Arizona,4,1,0,0.0
2020-02-12,Arizona,4,1,0,0.0
2020-02-13,Arizona,4,1,0,0.0
2020-02-14,Arizona,4,1,0,0.0
2020-02-15,Arizona,4,1,0,0.0
2020-02-16,Arizona,4,1,0,0.0
2020-02-17,Arizona,4,1,0,0.0
2020-02-18,Arizona,4,1,0,0.0
2020-02-19,Arizona,4,1,0,0.0
2020-02-20,Arizona,4,1,0,0.0
2020-02-21,Arizona,4,1,0,0.0
2020-02-22,Arizona,4,1,0,0.0
2020-02-23,Arizona,4,1,0,0.0
2020-02-24,Arizona,4,1,0,0.0
2020-02-25,Arizona,4,1,0,0.0
2020-02-26,Arizona,4,1,0,0.0
2020-02-27,Arizona,4,1,0,0.0
2020-02-28,Arizona,4,1,0,0.0
2020-02-29,Arizona,4,1,0,0.0
2020-03-01,Arizona,4,1,0,0.0
2020-03-02,Arizona,4,1,0,0.0
2020-03-03,Arizona,4,2,0,1.0
2020-03-04,Arizona,4,2,0,0.0
2020-03-05,Arizona,4,2,0,0.0
2020-03-06,Arizona,4,3,0,1.0
2020-03-07,Arizona,4,5,0,2.0
2020-03-08,Arizona,4,5,0,0.0
2020-03-09,Arizona,4,6,0,1.0
2020-03-10,Arizona,4,6,0,0.0
2020-03-11,Arizona,4,9,0,3.0
2020-03-12,Arizona,4,9,0,0.0
2020-03-13,Arizona,4,9,0,0.0
2020-03-14,Arizona,4,12,0,3.0
2020-03-15,Arizona,4,13,0,1.0
2020-03-16,Arizona,4,18,0,5.0
2020-03-17,Arizona,4,20,0,2.0
2020-03-18,Arizona,4,28,0,8.0
2020-03-19,Arizona,4,47,0,19.0
2020-03-20,Arizona,4,70,1,23.0
2020-03-21,Arizona,4,104,1,34.0
2020-03-22,Arizona,4,153,2,49.0
2020-03-23,Arizona,4,234,2,81.0
2020-03-24,Arizona,4,326,6,92.0
2020-03-25,Arizona,4,402,6,76.0
2020-03-26,Arizona,4,508,8,106.0
2020-03-27,Arizona,4,665,15,157.0
2020-03-28,Arizona,4,773,15,108.0
2020-03-29,Arizona,4,930,18,157.0
2020-03-30,Arizona,4,1169,20,239.0
2020-03-31,Arizona,4,1298,24,129.0
2020-04-01,Arizona,4,1413,29,115.0
2020-04-02,Arizona,4,1600,35,187.0
2020-04-03,Arizona,4,1769,41,169.0
2020-04-04,Arizona,4,2019,53,250.0
2020-04-05,Arizona,4,2269,64,250.0
2020-04-06,Arizona,4,2466,67,197.0
2020-04-07,Arizona,4,2577,77,111.0
2020-04-08,Arizona,4,2726,80,149.0
2020-04-09,Arizona,4,3018,89,292.0
2020-04-10,Arizona,4,3112,97,94.0
2020-04-11,Arizona,4,3393,112,281.0
2020-04-12,Arizona,4,3539,117,146.0
2020-04-13,Arizona,4,3702,122,163.0
2020-04-14,Arizona,4,3806,131,104.0
2020-04-15,Arizona,4,3962,142,156.0
2020-04-16,Arizona,4,4234,152,272.0
2020-04-17,Arizona,4,4507,174,273.0
2020-04-18,Arizona,4,4719,181,212.0
2020-04-19,Arizona,4,4929,188,210.0
2020-04-20,Arizona,4,5064,191,135.0
2020-04-21,Arizona,4,5251,213,187.0
2020-04-22,Arizona,4,5459,236,208.0
2020-04-23,Arizona,4,5769,257,310.0
2020-04-24,Arizona,4,6045,268,276.0
2020-04-25,Arizona,4,6280,275,235.0
2020-04-26,Arizona,4,6526,277,246.0
2020-04-27,Arizona,4,6716,277,190.0
2020-04-28,Arizona,4,6948,297,232.0
2020-04-29,Arizona,4,7202,308,254.0
2020-04-30,Arizona,4,7648,320,446.0
2020-05-01,Arizona,4,7962,330,314.0
2020-05-02,Arizona,4,8364,353,402.0
2020-05-03,Arizona,4,8640,362,276.0
2020-05-04,Arizona,4,8919,362,279.0
2020-05-05,Arizona,4,9305,395,386.0
2020-05-06,Arizona,4,9707,426,402.0
2020-05-07,Arizona,4,9945,450,238.0
2020-05-08,Arizona,4,10526,517,581.0
2020-05-09,Arizona,4,10960,532,434.0
2020-05-10,Arizona,4,11119,536,159.0
2020-05-11,Arizona,4,11380,542,261.0
2020-05-12,Arizona,4,11736,562,356.0
2020-05-13,Arizona,4,12176,594,440.0
2020-05-14,Arizona,4,12674,624,498.0
2020-05-15,Arizona,4,13169,651,495.0
2020-05-16,Arizona,4,13631,679,462.0
2020-05-17,Arizona,4,13937,680,306.0
2020-05-18,Arizona,4,14170,686,233.0
2020-05-19,Arizona,4,14566,704,396.0
2020-05-20,Arizona,4,14897,747,331.0
2020-05-21,Arizona,4,15315,763,418.0
2020-05-22,Arizona,4,15608,775,293.0
2020-05-23,Arizona,4,16040,799,432.0
2020-05-24,Arizona,4,16339,800,299.0
2020-05-25,Arizona,4,16561,806,222.0
2020-05-26,Arizona,4,16783,807,222.0
2020-05-27,Arizona,4,17262,831,479.0
2020-05-28,Arizona,4,17763,857,501.0
2020-05-29,Arizona,4,18465,885,702.0
2020-05-30,Arizona,4,19255,903,790.0
2020-05-31,Arizona,4,19936,906,681.0
2020-06-01,Arizona,4,20123,918,187.0
2020-06-02,Arizona,4,21250,943,1127.0
2020-06-03,Arizona,4,22245,983,995.0
2020-06-04,Arizona,4,22818,1000,573.0
2020-06-05,Arizona,4,24369,1016,1551.0
2020-06-06,Arizona,4,25517,1046,1148.0
2020-06-07,Arizona,4,26924,1048,1407.0
2020-06-08,Arizona,4,27761,1052,837.0
2020-06-09,Arizona,4,28396,1074,635.0
2020-06-10,Arizona,4,29981,1100,1585.0
2020-06-11,Arizona,4,31525,1130,1544.0
2020-06-12,Arizona,4,33167,1157,1642.0
2020-06-13,Arizona,4,34773,1190,1606.0
2020-06-14,Arizona,4,35953,1194,1180.0
2020-06-15,Arizona,4,37005,1204,1052.0
2020-06-16,Arizona,4,39298,1228,2293.0
2020-06-17,Arizona,4,41159,1252,1861.0
2020-06-18,Arizona,4,43731,1287,2572.0
2020-06-19,Arizona,4,46914,1322,3183.0
2020-06-20,Arizona,4,50198,1347,3284.0
2020-06-21,Arizona,4,52666,1350,2468.0
2020-06-22,Arizona,4,54767,1354,2101.0
2020-06-23,Arizona,4,58397,1398,3630.0
2020-06-24,Arizona,4,60207,1467,1810.0
2020-06-25,Arizona,4,63297,1495,3090.0
2020-06-26,Arizona,4,66676,1537,3379.0
2020-06-27,Arizona,4,70152,1581,3476.0
2020-06-28,Arizona,4,73961,1594,3809.0
2020-06-29,Arizona,4,74602,1598,641.0
2020-06-30,Arizona,4,79399,1645,4797.0
2020-07-01,Arizona,4,84152,1726,4753.0
2020-07-02,Arizona,4,87495,1766,3343.0
2020-07-03,Arizona,4,91894,1802,4399.0
2020-07-04,Arizona,4,94616,1821,2722.0
2020-07-05,Arizona,4,98126,1829,3510.0
2020-07-06,Arizona,4,101542,1832,3416.0
2020-07-07,Arizona,4,105159,1933,3617.0
2020-07-08,Arizona,4,108710,1973,3551.0
2020-07-09,Arizona,4,112783,2047,4073.0
2020-07-10,Arizona,4,116947,2093,4164.0
2020-07-11,Arizona,4,119991,2158,3044.0
2020-07-12,Arizona,4,122479,2239,2488.0
2020-07-13,Arizona,4,123917,2250,1438.0
2020-07-14,Arizona,4,128126,2341,4209.0
2020-07-15,Arizona,4,131411,2442,3285.0
2020-07-16,Arizona,4,134730,2506,3319.0
2020-07-17,Arizona,4,138575,2597,3845.0
2020-07-18,Arizona,4,141333,2733,2758.0
2020-07-19,Arizona,4,143644,2768,2311.0
2020-07-20,Arizona,4,145320,2795,1676.0
2020-07-21,Arizona,4,148730,2918,3410.0
2020-07-22,Arizona,4,150659,2976,1929.0
2020-07-23,Arizona,4,153029,3067,2370.0
2020-07-24,Arizona,4,156392,3156,3363.0
2020-07-25,Arizona,4,160055,3288,3663.0
2020-07-26,Arizona,4,162041,3313,1986.0
2020-01-25,California,6,1,0,0.0
2020-01-26,California,6,2,0,1.0
2020-01-27,California,6,2,0,0.0
2020-01-28,California,6,2,0,0.0
2020-01-29,California,6,2,0,0.0
2020-01-30,California,6,2,0,0.0
2020-01-31,California,6,3,0,1.0
2020-02-01,California,6,3,0,0.0
2020-02-02,California,6,6,0,3.0
2020-02-03,California,6,6,0,0.0
2020-02-04,California,6,6,0,0.0
2020-02-05,California,6,6,0,0.0
2020-02-06,California,6,6,0,0.0
2020-02-07,California,6,6,0,0.0
2020-02-08,California,6,6,0,0.0
2020-02-09,California,6,6,0,0.0
2020-02-10,California,6,7,0,1.0
2020-02-11,California,6,7,0,0.0
2020-02-12,California,6,7,0,0.0
2020-02-13,California,6,7,0,0.0
2020-02-14,California,6,7,0,0.0
2020-02-15,California,6,7,0,0.0
2020-02-16,California,6,7,0,0.0
2020-02-17,California,6,7,0,0.0
2020-02-18,California,6,7,0,0.0
2020-02-19,California,6,7,0,0.0
2020-02-20,California,6,8,0,1.0
2020-02-21,California,6,9,0,1.0
2020-02-22,California,6,9,0,0.0
2020-02-23,California,6,9,0,0.0
2020-02-24,California,6,11,0,2.0
2020-02-25,California,6,11,0,0.0
2020-02-26,California,6,26,0,15.0
2020-02-27,California,6,26,0,0.0
2020-02-28,California,6,27,0,1.0
2020-02-29,California,6,28,0,1.0
2020-03-01,California,6,33,0,5.0
2020-03-02,California,6,38,0,5.0
2020-03-03,California,6,45,0,7.0
2020-03-04,California,6,55,1,10.0
2020-03-05,California,6,67,1,12.0
2020-03-06,California,6,81,1,14.0
2020-03-07,California,6,100,1,19.0
2020-03-08,California,6,112,1,12.0
2020-03-09,California,6,172,2,60.0
2020-03-10,California,6,179,3,7.0
2020-03-11,California,6,202,4,23.0
2020-03-12,California,6,252,4,50.0
2020-03-13,California,6,320,5,68.0
2020-03-14,California,6,381,5,61.0
2020-03-15,California,6,478,6,97.0
2020-03-16,California,6,588,11,110.0
2020-03-17,California,6,732,14,144.0
2020-03-18,California,6,893,17,161.0
2020-03-19,California,6,1067,19,174.0
2020-03-20,California,6,1283,24,216.0
2020-03-21,California,6,1544,28,261.0
2020-03-22,California,6,1851,35,307.0
2020-03-23,California,6,2240,39,389.0
2020-03-24,California,6,2644,52,404.0
2020-03-25,California,6,3183,68,539.0
2020-03-26,California,6,4060,83,877.0
2020-03-27,California,6,4915,104,855.0
2020-03-28,California,6,5566,122,651.0
2020-03-29,California,6,6321,132,755.0
2020-03-30,California,6,7421,147,1100.0
2020-03-31,California,6,8583,184,1162.0
2020-04-01,California,6,9857,212,1274.0
2020-04-02,California,6,11190,247,1333.0
2020-04-03,California,6,12569,282,1379.0
2020-04-04,California,6,13796,323,1227.0
2020-04-05,California,6,15202,351,1406.0
2020-04-06,California,6,16361,386,1159.0
2020-04-07,California,6,17540,447,1179.0
2020-04-08,California,6,19043,506,1503.0
2020-04-09,California,6,20191,548,1148.0
2020-04-10,California,6,21366,594,1175.0
2020-04-11,California,6,22421,632,1055.0
2020-04-12,California,6,23323,676,902.0
2020-04-13,California,6,24334,725,1011.0
2020-04-14,California,6,25758,778,1424.0
2020-04-15,California,6,27107,885,1349.0
2020-04-16,California,6,28142,971,1035.0
2020-04-17,California,6,29398,1050,1256.0
2020-04-18,California,6,30829,1146,1431.0
2020-04-19,California,6,31544,1176,715.0
2020-04-20,California,6,33862,1223,2318.0
2020-04-21,California,6,35844,1316,1982.0
2020-04-22,California,6,37573,1425,1729.0
2020-04-23,California,6,39534,1548,1961.0
2020-04-24,California,6,41368,1619,1834.0
2020-04-25,California,6,42590,1692,1222.0
2020-04-26,California,6,43691,1716,1101.0
2020-04-27,California,6,45208,1800,1517.0
2020-04-28,California,6,46570,1884,1362.0
2020-04-29,California,6,48904,1961,2334.0
2020-04-30,California,6,50470,2057,1566.0
2020-05-01,California,6,52318,2147,1848.0
2020-05-02,California,6,53753,2213,1435.0
2020-05-03,California,6,55072,2235,1319.0
2020-05-04,California,6,56333,2297,1261.0
2020-05-05,California,6,58848,2386,2515.0
2020-05-06,California,6,60787,2478,1939.0
2020-05-07,California,6,62481,2561,1694.0
2020-05-08,California,6,64616,2650,2135.0
2020-05-09,California,6,66824,2732,2208.0
2020-05-10,California,6,68051,2769,1227.0
2020-05-11,California,6,69514,2820,1463.0
2020-05-12,California,6,71150,2902,1636.0
2020-05-13,California,6,73218,3014,2068.0
2020-05-14,California,6,74947,3039,1729.0
2020-05-15,California,6,77015,3192,2068.0
2020-05-16,California,6,78933,3254,1918.0
2020-05-17,California,6,80366,3290,1433.0
2020-05-18,California,6,81943,3322,1577.0
2020-05-19,California,6,83981,3422,2038.0
2020-05-20,California,6,86125,3514,2144.0
2020-05-21,California,6,88488,3624,2363.0
2020-05-22,California,6,90801,3690,2313.0
2020-05-23,California,6,92815,3768,2014.0
2020-05-24,California,6,94743,3790,1928.0
2020-05-25,California,6,97017,3808,2274.0
2020-05-26,California,6,99924,3859,2907.0
2020-05-27,California,6,101873,3961,1949.0
2020-05-28,California,6,104071,4042,2198.0
2020-05-29,California,6,107043,4144,2972.0
2020-05-30,California,6,110100,4214,3057.0
2020-05-31,California,6,113114,4242,3014.0
2020-06-01,California,6,115643,4287,2529.0
2020-06-02,California,6,118081,4360,2438.0
2020-06-03,California,6,120407,4422,2326.0
2020-06-04,California,6,122917,4484,2510.0
2020-06-05,California,6,126510,4550,3593.0
2020-06-06,California,6,129147,4626,2637.0
2020-06-07,California,6,131997,4653,2850.0
2020-06-08,California,6,134287,4679,2290.0
2020-06-09,California,6,137245,4775,2958.0
2020-06-10,California,6,140139,4869,2894.0
2020-06-11,California,6,143709,4941,3570.0
2020-06-12,California,6,147285,4986,3576.0
2020-06-13,California,6,150434,5059,3149.0
2020-06-14,California,6,152953,5089,2519.0
2020-06-15,California,6,155662,5120,2709.0
2020-06-16,California,6,159131,5202,3469.0
2020-06-17,California,6,163381,5283,4250.0
2020-06-18,California,6,167135,5359,3754.0
2020-06-19,California,6,170843,5425,3708.0
2020-06-20,California,6,174854,5495,4011.0
2020-06-21,California,6,178807,5517,3953.0
2020-06-22,California,6,184620,5561,5813.0
2020-06-23,California,6,191039,5637,6419.0
2020-06-24,California,6,195889,5728,4850.0
2020-06-25,California,6,201413,5810,5524.0
2020-06-26,California,6,207027,5872,5614.0
2020-06-27,California,6,211453,5902,4426.0
2020-06-28,California,6,216955,5937,5502.0
2020-06-29,California,6,223995,5979,7040.0
2020-06-30,California,6,232153,6083,8158.0
2020-07-01,California,6,239764,6168,7611.0
2020-07-02,California,6,248198,6263,8434.0
2020-07-03,California,6,256298,6315,8100.0
2020-07-04,California,6,265176,6329,8878.0
2020-07-05,California,6,271587,6369,6411.0
2020-07-06,California,6,277869,6452,6282.0
2020-07-07,California,6,287766,6563,9897.0
2020-07-08,California,6,296304,6708,8538.0
2020-07-09,California,6,303516,6825,7212.0
2020-07-10,California,6,311505,6936,7989.0
2020-07-11,California,6,320030,7012,8525.0
2020-07-12,California,6,327676,7042,7646.0
2020-07-13,California,6,336206,7086,8530.0
2020-07-14,California,6,346593,7227,10387.0
2020-07-15,California,6,355497,7368,8904.0
2020-07-16,California,6,364761,7490,9264.0
2020-07-17,California,6,374922,7607,10161.0
2020-07-18,California,6,383194,7697,8272.0
2020-07-19,California,6,391460,7710,8266.0
2020-07-20,California,6,400195,7764,8735.0
2020-07-21,California,6,410366,7883,10171.0
2020-07-22,California,6,422528,8038,12162.0
2020-07-23,California,6,433175,8190,10647.0
2020-07-24,California,6,443096,8325,9921.0
2020-07-25,California,6,453327,8428,10231.0
2020-07-26,California,6,459338,8451,6011.0
2020-03-01,Florida,12,2,0,0.0
2020-03-02,Florida,12,2,0,0.0
2020-03-03,Florida,12,3,0,1.0
2020-03-04,Florida,12,3,0,0.0
2020-03-05,Florida,12,4,0,1.0
2020-03-06,Florida,12,7,2,3.0
2020-03-07,Florida,12,12,2,5.0
2020-03-08,Florida,12,13,2,1.0
2020-03-09,Florida,12,14,2,1.0
2020-03-10,Florida,12,23,2,9.0
2020-03-11,Florida,12,26,2,3.0
2020-03-12,Florida,12,46,2,20.0
2020-03-13,Florida,12,70,2,24.0
2020-03-14,Florida,12,70,3,0.0
2020-03-15,Florida,12,109,3,39.0
2020-03-16,Florida,12,141,4,32.0
2020-03-17,Florida,12,210,6,69.0
2020-03-18,Florida,12,326,7,116.0
2020-03-19,Florida,12,434,8,108.0
2020-03-20,Florida,12,564,9,130.0
2020-03-21,Florida,12,764,11,200.0
2020-03-22,Florida,12,1000,13,236.0
2020-03-23,Florida,12,1222,18,222.0
2020-03-24,Florida,12,1467,20,245.0
2020-03-25,Florida,12,1971,23,504.0
2020-03-26,Florida,12,2478,29,507.0
2020-03-27,Florida,12,3198,46,720.0
2020-03-28,Florida,12,4038,56,840.0
2020-03-29,Florida,12,4943,60,905.0
2020-03-30,Florida,12,5695,72,752.0
2020-03-31,Florida,12,6742,85,1047.0
2020-04-01,Florida,12,7769,100,1027.0
2020-04-02,Florida,12,9000,144,1231.0
2020-04-03,Florida,12,10260,169,1260.0
2020-04-04,Florida,12,11537,194,1277.0
2020-04-05,Florida,12,12342,220,805.0
2020-04-06,Florida,12,13621,253,1279.0
2020-04-07,Florida,12,14739,295,1118.0
2020-04-08,Florida,12,15690,322,951.0
2020-04-09,Florida,12,16819,370,1129.0
2020-04-10,Florida,12,17960,418,1141.0
2020-04-11,Florida,12,18978,445,1018.0
2020-04-12,Florida,12,19855,460,877.0
2020-04-13,Florida,12,21011,498,1156.0
2020-04-14,Florida,12,21620,570,609.0
2020-04-15,Florida,12,22526,613,906.0
2020-04-16,Florida,12,23332,667,806.0
2020-04-17,Florida,12,24745,725,1413.0
2020-04-18,Florida,12,25484,747,739.0
2020-04-19,Florida,12,26306,773,822.0
2020-04-20,Florida,12,27050,822,744.0
2020-04-21,Florida,12,27861,866,811.0
2020-04-22,Florida,12,28301,926,440.0
2020-04-23,Florida,12,29640,986,1339.0
2020-04-24,Florida,12,30525,1045,885.0
2020-04-25,Florida,12,30831,1054,306.0
2020-04-26,Florida,12,31520,1073,689.0
2020-04-27,Florida,12,32130,1087,610.0
2020-04-28,Florida,12,32838,1170,708.0
2020-04-29,Florida,12,33185,1216,347.0
2020-04-30,Florida,12,33683,1267,498.0
2020-05-01,Florida,12,34720,1313,1037.0
2020-05-02,Florida,12,35455,1363,735.0
2020-05-03,Florida,12,36070,1378,615.0
2020-05-04,Florida,12,36889,1398,819.0
2020-05-05,Florida,12,37431,1470,542.0
2020-05-06,Florida,12,37994,1538,563.0
2020-05-07,Florida,12,38820,1599,826.0
2020-05-08,Florida,12,39191,1668,371.0
2020-05-09,Florida,12,39993,1714,802.0
2020-05-10,Florida,12,40588,1720,595.0
2020-05-11,Florida,12,40974,1734,386.0
2020-05-12,Florida,12,41915,1778,941.0
2020-05-13,Florida,12,42394,1826,479.0
2020-05-14,Florida,12,43202,1874,808.0
2020-05-15,Florida,12,44130,1916,928.0
2020-05-16,Florida,12,44803,1963,673.0
2020-05-17,Florida,12,45580,1972,777.0
2020-05-18,Florida,12,46434,1996,854.0
2020-05-19,Florida,12,46936,2051,502.0
2020-05-20,Florida,12,47463,2095,527.0
2020-05-21,Florida,12,48667,2143,1204.0
2020-05-22,Florida,12,49443,2189,776.0
2020-05-23,Florida,12,50119,2232,676.0
2020-05-24,Florida,12,50859,2236,740.0
2020-05-25,Florida,12,51738,2251,879.0
2020-05-26,Florida,12,52247,2258,509.0
2020-05-27,Florida,12,52626,2318,379.0
2020-05-28,Florida,12,53277,2363,651.0
2020-05-29,Florida,12,54489,2412,1212.0
2020-05-30,Florida,12,55416,2446,927.0
2020-05-31,Florida,12,56155,2450,739.0
2020-06-01,Florida,12,56822,2459,667.0
2020-06-02,Florida,12,57439,2529,617.0
2020-06-03,Florida,12,58756,2565,1317.0
2020-06-04,Florida,12,60175,2606,1419.0
2020-06-05,Florida,12,61480,2659,1305.0
2020-06-06,Florida,12,62750,2687,1270.0
2020-06-07,Florida,12,63930,2699,1180.0
2020-06-08,Florida,12,64896,2711,966.0
2020-06-09,Florida,12,65992,2764,1096.0
2020-06-10,Florida,12,67363,2800,1371.0
2020-06-11,Florida,12,69061,2847,1698.0
2020-06-12,Florida,12,70963,2876,1902.0
2020-06-13,Florida,12,73544,2924,2581.0
2020-06-14,Florida,12,75560,2930,2016.0
2020-06-15,Florida,12,77318,2937,1758.0
2020-06-16,Florida,12,80101,2992,2783.0
2020-06-17,Florida,12,82711,3017,2610.0
2020-06-18,Florida,12,85918,3060,3207.0
2020-06-19,Florida,12,89740,3103,3822.0
2020-06-20,Florida,12,93789,3143,4049.0
2020-06-21,Florida,12,97283,3160,3494.0
2020-06-22,Florida,12,100209,3172,2926.0
2020-06-23,Florida,12,103495,3237,3286.0
2020-06-24,Florida,12,109006,3280,5511.0
2020-06-25,Florida,12,114010,3326,5004.0
2020-06-26,Florida,12,122952,3365,8942.0
2020-06-27,Florida,12,132537,3389,9585.0
2020-06-28,Florida,12,141067,3418,8530.0
2020-06-29,Florida,12,146333,3446,5266.0
2020-06-30,Florida,12,152426,3504,6093.0
2020-07-01,Florida,12,158989,3549,6563.0
2020-07-02,Florida,12,169098,3616,10109.0
2020-07-03,Florida,12,178586,3683,9488.0
2020-07-04,Florida,12,190044,3701,11458.0
2020-07-05,Florida,12,200103,3730,10059.0
2020-07-06,Florida,12,206439,3777,6336.0
2020-07-07,Florida,12,213786,3840,7347.0
2020-07-08,Florida,12,223775,3888,9989.0
2020-07-09,Florida,12,232710,4008,8935.0
2020-07-10,Florida,12,244143,4101,11433.0
2020-07-11,Florida,12,254503,4196,10360.0
2020-07-12,Florida,12,269803,4241,15300.0
2020-07-13,Florida,12,282427,4276,12624.0
2020-07-14,Florida,12,291621,4408,9194.0
2020-07-15,Florida,12,301802,4520,10181.0
2020-07-16,Florida,12,315767,4676,13965.0
2020-07-17,Florida,12,327233,4804,11466.0
2020-07-18,Florida,12,337561,4894,10328.0
2020-07-19,Florida,12,350039,4981,12478.0
2020-07-20,Florida,12,360386,5071,10347.0
2020-07-21,Florida,12,369826,5205,9440.0
2020-07-22,Florida,12,379611,5344,9785.0
2020-07-23,Florida,12,389860,5517,10249.0
2020-07-24,Florida,12,402304,5652,12444.0
2020-07-25,Florida,12,414503,5776,12199.0
2020-07-26,Florida,12,423847,5853,9344.0
2020-01-24,Illinois,17,1,0,0.0
2020-01-25,Illinois,17,1,0,0.0
2020-01-26,Illinois,17,1,0,0.0
2020-01-27,Illinois,17,1,0,0.0
2020-01-28,Illinois,17,1,0,0.0
2020-01-29,Illinois,17,1,0,0.0
2020-01-30,Illinois,17,2,0,1.0
2020-01-31,Illinois,17,2,0,0.0
2020-02-01,Illinois,17,2,0,0.0
2020-02-02,Illinois,17,2,0,0.0
2020-02-03,Illinois,17,2,0,0.0
2020-02-04,Illinois,17,2,0,0.0
2020-02-05,Illinois,17,2,0,0.0
2020-02-06,Illinois,17,2,0,0.0
2020-02-07,Illinois,17,2,0,0.0
2020-02-08,Illinois,17,2,0,0.0
2020-02-09,Illinois,17,2,0,0.0
2020-02-10,Illinois,17,2,0,0.0
2020-02-11,Illinois,17,2,0,0.0
2020-02-12,Illinois,17,2,0,0.0
2020-02-13,Illinois,17,2,0,0.0
2020-02-14,Illinois,17,2,0,0.0
2020-02-15,Illinois,17,2,0,0.0
2020-02-16,Illinois,17,2,0,0.0
2020-02-17,Illinois,17,2,0,0.0
2020-02-18,Illinois,17,2,0,0.0
2020-02-19,Illinois,17,2,0,0.0
2020-02-20,Illinois,17,2,0,0.0
2020-02-21,Illinois,17,2,0,0.0
2020-02-22,Illinois,17,2,0,0.0
2020-02-23,Illinois,17,2,0,0.0
2020-02-24,Illinois,17,2,0,0.0
2020-02-25,Illinois,17,2,0,0.0
2020-02-26,Illinois,17,2,0,0.0
2020-02-27,Illinois,17,2,0,0.0
2020-02-28,Illinois,17,2,0,0.0
2020-02-29,Illinois,17,3,0,1.0
2020-03-01,Illinois,17,3,0,0.0
2020-03-02,Illinois,17,4,0,1.0
2020-03-03,Illinois,17,4,0,0.0
2020-03-04,Illinois,17,4,0,0.0
2020-03-05,Illinois,17,5,0,1.0
2020-03-06,Illinois,17,6,0,1.0
2020-03-07,Illinois,17,6,0,0.0
2020-03-08,Illinois,17,7,0,1.0
2020-03-09,Illinois,17,11,0,4.0
2020-03-10,Illinois,17,19,0,8.0
2020-03-11,Illinois,17,25,0,6.0
2020-03-12,Illinois,17,32,0,7.0
2020-03-13,Illinois,17,46,0,14.0
2020-03-14,Illinois,17,66,0,20.0
2020-03-15,Illinois,17,94,0,28.0
2020-03-16,Illinois,17,104,0,10.0
2020-03-17,Illinois,17,159,1,55.0
2020-03-18,Illinois,17,286,1,127.0
2020-03-19,Illinois,17,420,4,134.0
2020-03-20,Illinois,17,583,5,163.0
2020-03-21,Illinois,17,751,6,168.0
2020-03-22,Illinois,17,1047,9,296.0
2020-03-23,Illinois,17,1285,12,238.0
2020-03-24,Illinois,17,1535,16,250.0
2020-03-25,Illinois,17,1874,21,339.0
2020-03-26,Illinois,17,2538,26,664.0
2020-03-27,Illinois,17,3029,37,491.0
2020-03-28,Illinois,17,3547,50,518.0
2020-03-29,Illinois,17,4615,71,1068.0
2020-03-30,Illinois,17,5070,84,455.0
2020-03-31,Illinois,17,5992,107,922.0
2020-04-01,Illinois,17,6978,146,986.0
2020-04-02,Illinois,17,7695,165,717.0
2020-04-03,Illinois,17,8904,212,1209.0
2020-04-04,Illinois,17,10357,248,1453.0
2020-04-05,Illinois,17,11276,283,919.0
2020-04-06,Illinois,17,12262,309,986.0
2020-04-07,Illinois,17,13549,384,1287.0
2020-04-08,Illinois,17,15078,464,1529.0
2020-04-09,Illinois,17,16422,534,1344.0
2020-04-10,Illinois,17,17887,607,1465.0
2020-04-11,Illinois,17,19180,682,1293.0
2020-04-12,Illinois,17,20852,727,1672.0
2020-04-13,Illinois,17,22025,800,1173.0
2020-04-14,Illinois,17,23247,878,1222.0
2020-04-15,Illinois,17,24593,958,1346.0
2020-04-16,Illinois,17,25734,1081,1141.0
2020-04-17,Illinois,17,27575,1142,1841.0
2020-04-18,Illinois,17,29160,1272,1585.0
2020-04-19,Illinois,17,30357,1302,1197.0
2020-04-20,Illinois,17,31508,1359,1151.0
2020-04-21,Illinois,17,33059,1479,1551.0
2020-04-22,Illinois,17,35108,1577,2049.0
2020-04-23,Illinois,17,36935,1696,1827.0
2020-04-24,Illinois,17,39658,1804,2723.0
2020-04-25,Illinois,17,41777,1884,2119.0
2020-04-26,Illinois,17,43903,1943,2126.0
2020-04-27,Illinois,17,45883,1992,1980.0
2020-04-28,Illinois,17,48102,2132,2219.0
2020-04-29,Illinois,17,50355,2221,2253.0
2020-04-30,Illinois,17,52918,2361,2563.0
2020-05-01,Illinois,17,56055,2464,3137.0
2020-05-02,Illinois,17,58505,2576,2450.0
2020-05-03,Illinois,17,61499,2632,2994.0
2020-05-04,Illinois,17,63840,2673,2341.0
2020-05-05,Illinois,17,65889,2843,2049.0
2020-05-06,Illinois,17,68164,2977,2275.0
2020-05-07,Illinois,17,70802,3139,2638.0
2020-05-08,Illinois,17,73688,3262,2886.0
2020-05-09,Illinois,17,76008,3362,2320.0
2020-05-10,Illinois,17,77662,3426,1654.0
2020-05-11,Illinois,17,79123,3480,1461.0
2020-05-12,Illinois,17,83168,3617,4045.0
2020-05-13,Illinois,17,84874,3815,1706.0
2020-05-14,Illinois,17,88081,3945,3207.0
2020-05-15,Illinois,17,90528,4075,2447.0
2020-05-16,Illinois,17,92669,4149,2141.0
2020-05-17,Illinois,17,94360,4198,1691.0
2020-05-18,Illinois,17,96778,4257,2418.0
2020-05-19,Illinois,17,98298,4399,1520.0
2020-05-20,Illinois,17,100713,4547,2415.0
2020-05-21,Illinois,17,102995,4634,2282.0
2020-05-22,Illinois,17,105710,4740,2715.0
2020-05-23,Illinois,17,108100,4817,2390.0
2020-05-24,Illinois,17,110541,4884,2441.0
2020-05-25,Illinois,17,112248,4912,1707.0
2020-05-26,Illinois,17,113486,4960,1238.0
2020-05-27,Illinois,17,114612,5118,1126.0
2020-05-28,Illinois,17,116128,5225,1516.0
2020-05-29,Illinois,17,117794,5308,1666.0
2020-05-30,Illinois,17,119290,5368,1496.0
2020-05-31,Illinois,17,120588,5426,1298.0
2020-06-01,Illinois,17,121666,5458,1078.0
2020-06-02,Illinois,17,123244,5567,1578.0
2020-06-03,Illinois,17,124279,5665,1035.0
2020-06-04,Illinois,17,125149,5772,870.0
2020-06-05,Illinois,17,126317,5834,1168.0
2020-06-06,Illinois,17,127251,5898,934.0
2020-06-07,Illinois,17,128070,5939,819.0
2020-06-08,Illinois,17,129543,6142,1473.0
2020-06-09,Illinois,17,130321,6237,778.0
2020-06-10,Illinois,17,130889,6302,568.0
2020-06-11,Illinois,17,131731,6388,842.0
2020-06-12,Illinois,17,132489,6469,758.0
2020-06-13,Illinois,17,133117,6491,628.0
2020-06-14,Illinois,17,133719,6512,602.0
2020-06-15,Illinois,17,134247,6543,528.0
2020-06-16,Illinois,17,134866,6608,619.0
2020-06-17,Illinois,17,135416,6687,550.0
2020-06-18,Illinois,17,136081,6737,665.0
2020-06-19,Illinois,17,136917,6801,836.0
2020-06-20,Illinois,17,137535,6846,618.0
2020-06-21,Illinois,17,138154,6865,619.0
2020-06-22,Illinois,17,138615,6889,461.0
2020-06-23,Illinois,17,139282,6925,667.0
2020-06-24,Illinois,17,140025,6986,743.0
2020-06-25,Illinois,17,140935,7024,910.0
2020-06-26,Illinois,17,141812,7059,877.0
2020-06-27,Illinois,17,142536,7083,724.0
2020-06-28,Illinois,17,143117,7098,581.0
2020-06-29,Illinois,17,143885,7115,768.0
2020-06-30,Illinois,17,144661,7136,776.0
2020-07-01,Illinois,17,145541,7160,880.0
2020-07-02,Illinois,17,146407,7197,866.0
2020-07-03,Illinois,17,147293,7222,886.0
2020-07-04,Illinois,17,148151,7234,858.0
2020-07-05,Illinois,17,148730,7241,579.0
2020-07-06,Illinois,17,149428,7250,698.0
2020-07-07,Illinois,17,150110,7281,682.0
2020-07-08,Illinois,17,151055,7315,945.0
2020-07-09,Illinois,17,152188,7333,1133.0
2020-07-10,Illinois,17,153406,7349,1218.0
2020-07-11,Illinois,17,154530,7372,1124.0
2020-07-12,Illinois,17,155355,7391,825.0
2020-07-13,Illinois,17,156288,7398,933.0
2020-07-14,Illinois,17,157055,7425,767.0
2020-07-15,Illinois,17,158451,7435,1396.0
2020-07-16,Illinois,17,159676,7457,1225.0
2020-07-17,Illinois,17,161042,7468,1366.0
2020-07-18,Illinois,17,162299,7486,1257.0
2020-07-19,Illinois,17,163284,7491,985.0
2020-07-20,Illinois,17,164552,7500,1268.0
2020-07-21,Illinois,17,165534,7521,982.0
2020-07-22,Illinois,17,167142,7544,1608.0
2020-07-23,Illinois,17,168766,7563,1624.0
2020-07-24,Illinois,17,170376,7580,1610.0
2020-07-25,Illinois,17,171669,7593,1293.0
2020-07-26,Illinois,17,173079,7595,1410.0
2020-02-01,Massachusetts,25,1,0,0.0
2020-02-02,Massachusetts,25,1,0,0.0
2020-02-03,Massachusetts,25,1,0,0.0
2020-02-04,Massachusetts,25,1,0,0.0
2020-02-05,Massachusetts,25,1,0,0.0
2020-02-06,Massachusetts,25,1,0,0.0
2020-02-07,Massachusetts,25,1,0,0.0
2020-02-08,Massachusetts,25,1,0,0.0
2020-02-09,Massachusetts,25,1,0,0.0
2020-02-10,Massachusetts,25,1,0,0.0
2020-02-11,Massachusetts,25,1,0,0.0
2020-02-12,Massachusetts,25,1,0,0.0
2020-02-13,Massachusetts,25,1,0,0.0
2020-02-14,Massachusetts,25,1,0,0.0
2020-02-15,Massachusetts,25,1,0,0.0
2020-02-16,Massachusetts,25,1,0,0.0
2020-02-17,Massachusetts,25,1,0,0.0
2020-02-18,Massachusetts,25,1,0,0.0
2020-02-19,Massachusetts,25,1,0,0.0
2020-02-20,Massachusetts,25,1,0,0.0
2020-02-21,Massachusetts,25,1,0,0.0
2020-02-22,Massachusetts,25,1,0,0.0
2020-02-23,Massachusetts,25,1,0,0.0
2020-02-24,Massachusetts,25,1,0,0.0
2020-02-25,Massachusetts,25,1,0,0.0
2020-02-26,Massachusetts,25,1,0,0.0
2020-02-27,Massachusetts,25,1,0,0.0
2020-02-28,Massachusetts,25,1,0,0.0
2020-02-29,Massachusetts,25,1,0,0.0
2020-03-01,Massachusetts,25,1,0,0.0
2020-03-02,Massachusetts,25,2,0,1.0
2020-03-03,Massachusetts,25,2,0,0.0
2020-03-04,Massachusetts,25,2,0,0.0
2020-03-05,Massachusetts,25,3,0,1.0
2020-03-06,Massachusetts,25,8,0,5.0
2020-03-07,Massachusetts,25,13,0,5.0
2020-03-08,Massachusetts,25,28,0,15.0
2020-03-09,Massachusetts,25,41,0,13.0
2020-03-10,Massachusetts,25,92,0,51.0
2020-03-11,Massachusetts,25,95,0,3.0
2020-03-12,Massachusetts,25,108,0,13.0
2020-03-13,Massachusetts,25,123,0,15.0
2020-03-14,Massachusetts,25,138,0,15.0
2020-03-15,Massachusetts,25,164,0,26.0
2020-03-16,Massachusetts,25,197,0,33.0
2020-03-17,Massachusetts,25,218,0,21.0
2020-03-18,Massachusetts,25,256,0,38.0
2020-03-19,Massachusetts,25,328,0,72.0
2020-03-20,Massachusetts,25,413,1,85.0
2020-03-21,Massachusetts,25,525,2,112.0
2020-03-22,Massachusetts,25,646,5,121.0
2020-03-23,Massachusetts,25,777,9,131.0
2020-03-24,Massachusetts,25,1159,11,382.0
2020-03-25,Massachusetts,25,1838,15,679.0
2020-03-26,Massachusetts,25,2417,25,579.0
2020-03-27,Massachusetts,25,3240,35,823.0
2020-03-28,Massachusetts,25,4257,44,1017.0
2020-03-29,Massachusetts,25,4955,48,698.0
2020-03-30,Massachusetts,25,5752,56,797.0
2020-03-31,Massachusetts,25,6620,89,868.0
2020-04-01,Massachusetts,25,7738,122,1118.0
2020-04-02,Massachusetts,25,8966,154,1228.0
2020-04-03,Massachusetts,25,10402,192,1436.0
2020-04-04,Massachusetts,25,11736,216,1334.0
2020-04-05,Massachusetts,25,12500,231,764.0
2020-04-06,Massachusetts,25,13837,260,1337.0
2020-04-07,Massachusetts,25,15202,356,1365.0
2020-04-08,Massachusetts,25,16790,433,1588.0
2020-04-09,Massachusetts,25,18941,503,2151.0
2020-04-10,Massachusetts,25,20974,599,2033.0
2020-04-11,Massachusetts,25,22860,686,1886.0
2020-04-12,Massachusetts,25,25475,756,2615.0
2020-04-13,Massachusetts,25,26867,844,1392.0
2020-04-14,Massachusetts,25,28163,957,1296.0
2020-04-15,Massachusetts,25,29918,1108,1755.0
2020-04-16,Massachusetts,25,32181,1245,2263.0
2020-04-17,Massachusetts,25,34402,1404,2221.0
2020-04-18,Massachusetts,25,36372,1560,1970.0
2020-04-19,Massachusetts,25,38077,1706,1705.0
2020-04-20,Massachusetts,25,39643,1809,1566.0
2020-04-21,Massachusetts,25,41199,1961,1556.0
2020-04-22,Massachusetts,25,42944,2182,1745.0
2020-04-23,Massachusetts,25,46023,2360,3079.0
2020-04-24,Massachusetts,25,50969,2556,4946.0
2020-04-25,Massachusetts,25,53348,2730,2379.0
2020-04-26,Massachusetts,25,54938,2899,1590.0
2020-04-27,Massachusetts,25,56462,3003,1524.0
2020-04-28,Massachusetts,25,58302,3153,1840.0
2020-04-29,Massachusetts,25,60265,3405,1963.0
2020-04-30,Massachusetts,25,62205,3562,1940.0
2020-05-01,Massachusetts,25,64311,3716,2106.0
2020-05-02,Massachusetts,25,66263,3846,1952.0
2020-05-03,Massachusetts,25,68087,4004,1824.0
2020-05-04,Massachusetts,25,69087,4090,1000.0
2020-05-05,Massachusetts,25,70271,4212,1184.0
2020-05-06,Massachusetts,25,72025,4420,1754.0
2020-05-07,Massachusetts,25,73721,4552,1696.0
2020-05-08,Massachusetts,25,75333,4702,1612.0
2020-05-09,Massachusetts,25,76743,4840,1410.0
2020-05-10,Massachusetts,25,77793,4979,1050.0
2020-05-11,Massachusetts,25,78462,5108,669.0
2020-05-12,Massachusetts,25,79332,5141,870.0
2020-05-13,Massachusetts,25,80497,5315,1165.0
2020-05-14,Massachusetts,25,82182,5482,1685.0
2020-05-15,Massachusetts,25,83421,5592,1239.0
2020-05-16,Massachusetts,25,84933,5705,1512.0
2020-05-17,Massachusetts,25,86010,5797,1077.0
2020-05-18,Massachusetts,25,87052,5862,1042.0
2020-05-19,Massachusetts,25,87925,5938,873.0
2020-05-20,Massachusetts,25,88970,6066,1045.0
2020-05-21,Massachusetts,25,90084,6148,1114.0
2020-05-22,Massachusetts,25,90889,6228,805.0
2020-05-23,Massachusetts,25,91662,6304,773.0
2020-05-24,Massachusetts,25,92675,6372,1013.0
2020-05-25,Massachusetts,25,93271,6416,596.0
2020-05-26,Massachusetts,25,93693,6473,422.0
2020-05-27,Massachusetts,25,94220,6547,527.0
2020-05-28,Massachusetts,25,94895,6640,675.0
2020-05-29,Massachusetts,25,95512,6718,617.0
2020-05-30,Massachusetts,25,96301,6768,789.0
2020-05-31,Massachusetts,25,96965,6846,664.0
2020-06-01,Massachusetts,25,100805,7035,3840.0
2020-06-02,Massachusetts,25,101163,7085,358.0
2020-06-03,Massachusetts,25,101592,7152,429.0
2020-06-04,Massachusetts,25,102063,7201,471.0
2020-06-05,Massachusetts,25,102557,7235,494.0
2020-06-06,Massachusetts,25,103132,7289,575.0
2020-06-07,Massachusetts,25,103436,7316,304.0
2020-06-08,Massachusetts,25,103626,7353,190.0
2020-06-09,Massachusetts,25,103889,7408,263.0
2020-06-10,Massachusetts,25,104156,7454,267.0
2020-06-11,Massachusetts,25,104667,7492,511.0
2020-06-12,Massachusetts,25,105059,7538,392.0
2020-06-13,Massachusetts,25,105395,7576,336.0
2020-06-14,Massachusetts,25,105603,7624,208.0
2020-06-15,Massachusetts,25,105690,7646,87.0
2020-06-16,Massachusetts,25,105885,7664,195.0
2020-06-17,Massachusetts,25,106151,7733,266.0
2020-06-18,Massachusetts,25,106422,7769,271.0
2020-06-19,Massachusetts,25,106650,7799,228.0
2020-06-20,Massachusetts,25,106936,7827,286.0
2020-06-21,Massachusetts,25,107061,7857,125.0
2020-06-22,Massachusetts,25,107210,7873,149.0
2020-06-23,Massachusetts,25,107439,7889,229.0
2020-06-24,Massachusetts,25,107611,7937,172.0
2020-06-25,Massachusetts,25,107837,7962,226.0
2020-06-26,Massachusetts,25,108070,8012,233.0
2020-06-27,Massachusetts,25,108443,8040,373.0
2020-06-28,Massachusetts,25,108667,8060,224.0
2020-06-29,Massachusetts,25,108768,8095,101.0
2020-06-30,Massachusetts,25,108882,8054,114.0
2020-07-01,Massachusetts,25,109143,8081,261.0
2020-07-02,Massachusetts,25,109338,8132,195.0
2020-07-03,Massachusetts,25,109628,8149,290.0
2020-07-04,Massachusetts,25,109838,8172,210.0
2020-07-05,Massachusetts,25,109974,8183,136.0
2020-07-06,Massachusetts,25,110137,8198,163.0
2020-07-07,Massachusetts,25,110338,8213,201.0
2020-07-08,Massachusetts,25,110602,8243,264.0
2020-07-09,Massachusetts,25,110897,8268,295.0
2020-07-10,Massachusetts,25,111110,8296,213.0
2020-07-11,Massachusetts,25,111398,8310,288.0
2020-07-12,Massachusetts,25,111597,8325,199.0
2020-07-13,Massachusetts,25,111827,8330,230.0
2020-07-14,Massachusetts,25,112130,8340,303.0
2020-07-15,Massachusetts,25,112347,8368,217.0
2020-07-16,Massachusetts,25,112581,8380,234.0
2020-07-17,Massachusetts,25,112879,8402,298.0
2020-07-18,Massachusetts,25,113238,8419,359.0
2020-07-19,Massachusetts,25,113534,8431,296.0
2020-07-20,Massachusetts,25,113789,8433,255.0
2020-07-21,Massachusetts,25,114033,8450,244.0
2020-07-22,Massachusetts,25,114320,8468,287.0
2020-07-23,Massachusetts,25,114647,8484,327.0
2020-07-24,Massachusetts,25,114985,8498,338.0
2020-07-25,Massachusetts,25,115268,8510,283.0
2020-07-26,Massachusetts,25,115637,8529,369.0
2020-03-10,Michigan,26,2,0,0.0
2020-03-11,Michigan,26,2,0,0.0
2020-03-12,Michigan,26,12,0,10.0
2020-03-13,Michigan,26,25,0,13.0
2020-03-14,Michigan,26,33,0,8.0
2020-03-15,Michigan,26,53,0,20.0
2020-03-16,Michigan,26,54,0,1.0
2020-03-17,Michigan,26,65,0,11.0
2020-03-18,Michigan,26,80,1,15.0
2020-03-19,Michigan,26,334,3,254.0
2020-03-20,Michigan,26,548,4,214.0
2020-03-21,Michigan,26,787,6,239.0
2020-03-22,Michigan,26,1033,9,246.0
2020-03-23,Michigan,26,1324,16,291.0
2020-03-24,Michigan,26,1791,24,467.0
2020-03-25,Michigan,26,2293,43,502.0
2020-03-26,Michigan,26,2877,63,584.0
2020-03-27,Michigan,26,3655,93,778.0
2020-03-28,Michigan,26,4634,112,979.0
2020-03-29,Michigan,26,5486,132,852.0
2020-03-30,Michigan,26,6508,197,1022.0
2020-03-31,Michigan,26,7629,264,1121.0
2020-04-01,Michigan,26,9292,336,1663.0
2020-04-02,Michigan,26,10791,417,1499.0
2020-04-03,Michigan,26,12669,478,1878.0
2020-04-04,Michigan,26,14225,541,1556.0
2020-04-05,Michigan,26,15633,617,1408.0
2020-04-06,Michigan,26,17129,727,1496.0
2020-04-07,Michigan,26,18851,845,1722.0
2020-04-08,Michigan,26,20220,959,1369.0
2020-04-09,Michigan,26,21375,1076,1155.0
2020-04-10,Michigan,26,22646,1280,1271.0
2020-04-11,Michigan,26,23855,1395,1209.0
2020-04-12,Michigan,26,24496,1488,641.0
2020-04-13,Michigan,26,25490,1603,994.0
2020-04-14,Michigan,26,26845,1767,1355.0
2020-04-15,Michigan,26,27894,1920,1049.0
2020-04-16,Michigan,26,29120,2092,1226.0
2020-04-17,Michigan,26,29954,2227,834.0
2020-04-18,Michigan,26,30718,2307,764.0
2020-04-19,Michigan,26,31349,2389,631.0
2020-04-20,Michigan,26,31929,2466,580.0
2020-04-21,Michigan,26,32936,2698,1007.0
2020-04-22,Michigan,26,33973,2813,1037.0
2020-04-23,Michigan,26,35253,2977,1280.0
2020-04-24,Michigan,26,36628,3084,1375.0
2020-04-25,Michigan,26,37302,3273,674.0
2020-04-26,Michigan,26,38003,3314,701.0
2020-04-27,Michigan,26,38457,3406,454.0
2020-04-28,Michigan,26,39469,3566,1012.0
2020-04-29,Michigan,26,40443,3670,974.0
2020-04-30,Michigan,26,41348,3788,905.0
2020-05-01,Michigan,26,42348,3866,1000.0
2020-05-02,Michigan,26,43191,4020,843.0
2020-05-03,Michigan,26,43803,4049,612.0
2020-05-04,Michigan,26,43996,4135,193.0
2020-05-05,Michigan,26,44391,4179,395.0
2020-05-06,Michigan,26,45079,4250,688.0
2020-05-07,Michigan,26,45643,4343,564.0
2020-05-08,Michigan,26,46319,4393,676.0
2020-05-09,Michigan,26,46735,4526,416.0
2020-05-10,Michigan,26,47116,4551,381.0
2020-05-11,Michigan,26,47526,4584,410.0
2020-05-12,Michigan,26,47946,4674,420.0
2020-05-13,Michigan,26,48307,4714,361.0
2020-05-14,Michigan,26,49489,4787,1182.0
2020-05-15,Michigan,26,49982,4825,493.0
2020-05-16,Michigan,26,50416,4880,434.0
2020-05-17,Michigan,26,51054,4891,638.0
2020-05-18,Michigan,26,51853,4915,799.0
2020-05-19,Michigan,26,52337,5017,484.0
2020-05-20,Michigan,26,52988,5060,651.0
2020-05-21,Michigan,26,53468,5129,480.0
2020-05-22,Michigan,26,53865,5158,397.0
2020-05-23,Michigan,26,54304,5223,439.0
2020-05-24,Michigan,26,54616,5228,312.0
2020-05-25,Michigan,26,54816,5240,200.0
2020-05-26,Michigan,26,55040,5266,224.0
2020-05-27,Michigan,26,55544,5334,504.0
2020-05-28,Michigan,26,55944,5372,400.0
2020-05-29,Michigan,26,56589,5406,645.0
2020-05-30,Michigan,26,56848,5463,259.0
2020-05-31,Michigan,26,57355,5491,507.0
2020-06-01,Michigan,26,58435,5525,1080.0
2020-06-02,Michigan,26,58680,5562,245.0
2020-06-03,Michigan,26,58990,5579,310.0
2020-06-04,Michigan,26,59215,5604,225.0
2020-06-05,Michigan,26,63744,5854,4529.0
2020-06-06,Michigan,26,64196,5894,452.0
2020-06-07,Michigan,26,64615,5898,419.0
2020-06-08,Michigan,26,64911,5916,296.0
2020-06-09,Michigan,26,65190,5946,279.0
2020-06-10,Michigan,26,65377,5958,187.0
2020-06-11,Michigan,26,65627,5985,250.0
2020-06-12,Michigan,26,65881,5994,254.0
2020-06-13,Michigan,26,66024,6017,143.0
2020-06-14,Michigan,26,66246,6020,222.0
2020-06-15,Michigan,26,66302,6025,56.0
2020-06-16,Michigan,26,66466,6039,164.0
2020-06-17,Michigan,26,66694,6041,228.0
2020-06-18,Michigan,26,66980,6064,286.0
2020-06-19,Michigan,26,67300,6071,320.0
2020-06-20,Michigan,26,67721,6091,421.0
2020-06-21,Michigan,26,67873,6094,152.0
2020-06-22,Michigan,26,68144,6101,271.0
2020-06-23,Michigan,26,68373,6113,229.0
2020-06-24,Michigan,26,68711,6118,338.0
2020-06-25,Michigan,26,69159,6137,448.0
2020-06-26,Michigan,26,69473,6138,314.0
2020-06-27,Michigan,26,69802,6157,329.0
2020-06-28,Michigan,26,70042,6161,240.0
2020-06-29,Michigan,26,70356,6165,314.0
2020-06-30,Michigan,26,70850,6197,494.0
2020-07-01,Michigan,26,71279,6202,429.0
2020-07-02,Michigan,26,71853,6216,574.0
2020-07-03,Michigan,26,72306,6219,453.0
2020-07-04,Michigan,26,72702,6222,396.0
2020-07-05,Michigan,26,73027,6222,325.0
2020-07-06,Michigan,26,73403,6225,376.0
2020-07-07,Michigan,26,74011,6256,608.0
2020-07-08,Michigan,26,74660,6266,649.0
2020-07-09,Michigan,26,75247,6275,587.0
2020-07-10,Michigan,26,75871,6288,624.0
2020-07-11,Michigan,26,76499,6316,628.0
2020-07-12,Michigan,26,76936,6317,437.0
2020-07-13,Michigan,26,77354,6324,418.0
2020-07-14,Michigan,26,78045,6330,691.0
2020-07-15,Michigan,26,79081,6333,1036.0
2020-07-16,Michigan,26,79977,6351,896.0
2020-07-17,Michigan,26,80752,6358,775.0
2020-07-18,Michigan,26,81384,6367,632.0
2020-07-19,Michigan,26,81935,6369,551.0
2020-07-20,Michigan,26,82486,6377,551.0
2020-07-21,Michigan,26,83184,6385,698.0
2020-07-22,Michigan,26,83891,6391,707.0
2020-07-23,Michigan,26,84585,6397,694.0
2020-07-24,Michigan,26,85238,6402,653.0
2020-07-25,Michigan,26,85665,6402,427.0
2020-07-26,Michigan,26,86750,6402,1085.0
2020-03-04,New Jersey,34,1,0,0.0
2020-03-05,New Jersey,34,2,0,1.0
2020-03-06,New Jersey,34,4,0,2.0
2020-03-07,New Jersey,34,4,0,0.0
2020-03-08,New Jersey,34,6,0,2.0
2020-03-09,New Jersey,34,11,0,5.0
2020-03-10,New Jersey,34,15,1,4.0
2020-03-11,New Jersey,34,23,1,8.0
2020-03-12,New Jersey,34,29,1,6.0
2020-03-13,New Jersey,34,50,1,21.0
2020-03-14,New Jersey,34,75,2,25.0
2020-03-15,New Jersey,34,98,2,23.0
2020-03-16,New Jersey,34,176,3,78.0
2020-03-17,New Jersey,34,268,3,92.0
2020-03-18,New Jersey,34,427,5,159.0
2020-03-19,New Jersey,34,735,9,308.0
2020-03-20,New Jersey,34,896,11,161.0
2020-03-21,New Jersey,34,1336,16,440.0
2020-03-22,New Jersey,34,1914,20,578.0
2020-03-23,New Jersey,34,2844,27,930.0
2020-03-24,New Jersey,34,3675,44,831.0
2020-03-25,New Jersey,34,4402,62,727.0
2020-03-26,New Jersey,34,6876,82,2474.0
2020-03-27,New Jersey,34,8825,108,1949.0
2020-03-28,New Jersey,34,11124,140,2299.0
2020-03-29,New Jersey,34,13386,161,2262.0
2020-03-30,New Jersey,34,16636,199,3250.0
2020-03-31,New Jersey,34,18696,267,2060.0
2020-04-01,New Jersey,34,22255,355,3559.0
2020-04-02,New Jersey,34,25590,539,3335.0
2020-04-03,New Jersey,34,29895,647,4305.0
2020-04-04,New Jersey,34,34124,847,4229.0
2020-04-05,New Jersey,34,37505,917,3381.0
2020-04-06,New Jersey,34,41090,1005,3585.0
2020-04-07,New Jersey,34,44416,1232,3326.0
2020-04-08,New Jersey,34,47437,1504,3021.0
2020-04-09,New Jersey,34,51027,1700,3590.0
2020-04-10,New Jersey,34,54588,1932,3561.0
2020-04-11,New Jersey,34,58151,2183,3563.0
2020-04-12,New Jersey,34,61850,2350,3699.0
2020-04-13,New Jersey,34,64584,2443,2734.0
2020-04-14,New Jersey,34,68824,2805,4240.0
2020-04-15,New Jersey,34,71030,3156,2206.0
2020-04-16,New Jersey,34,75317,3518,4287.0
2020-04-17,New Jersey,34,78467,3840,3150.0
2020-04-18,New Jersey,34,81420,4070,2953.0
2020-04-19,New Jersey,34,85301,4202,3881.0
2020-04-20,New Jersey,34,88806,4377,3505.0
2020-04-21,New Jersey,34,92387,4753,3581.0
2020-04-22,New Jersey,34,95865,5063,3478.0
2020-04-23,New Jersey,34,99989,5368,4124.0
2020-04-24,New Jersey,34,102196,5617,2207.0
2020-04-25,New Jersey,34,105523,5863,3327.0
2020-04-26,New Jersey,34,109038,5938,3515.0
2020-04-27,New Jersey,34,111188,6044,2150.0
2020-04-28,New Jersey,34,113856,6442,2668.0
2020-04-29,New Jersey,34,116264,6770,2408.0
2020-04-30,New Jersey,34,118652,7228,2388.0
2020-05-01,New Jersey,34,121190,7538,2538.0
2020-05-02,New Jersey,34,123717,7742,2527.0
2020-05-03,New Jersey,34,126744,7871,3027.0
2020-05-04,New Jersey,34,128269,7910,1525.0
2020-05-05,New Jersey,34,130593,8244,2324.0
2020-05-06,New Jersey,34,131890,8549,1297.0
2020-05-07,New Jersey,34,133635,8801,1745.0
2020-05-08,New Jersey,34,135454,8952,1819.0
2020-05-09,New Jersey,34,137085,9116,1631.0
2020-05-10,New Jersey,34,138532,9255,1447.0
2020-05-11,New Jersey,34,139945,9310,1413.0
2020-05-12,New Jersey,34,140743,9508,798.0
2020-05-13,New Jersey,34,141560,9702,817.0
2020-05-14,New Jersey,34,142704,9946,1144.0
2020-05-15,New Jersey,34,143905,10138,1201.0
2020-05-16,New Jersey,34,145089,10249,1184.0
2020-05-17,New Jersey,34,146334,10356,1245.0
2020-05-18,New Jersey,34,148039,10435,1705.0
2020-05-19,New Jersey,34,149013,10586,974.0
2020-05-20,New Jersey,34,150399,10747,1386.0
2020-05-21,New Jersey,34,151472,10843,1073.0
2020-05-22,New Jersey,34,152719,10985,1247.0
2020-05-23,New Jersey,34,153104,11081,385.0
2020-05-24,New Jersey,34,154154,11133,1050.0
2020-05-25,New Jersey,34,155092,11144,938.0
2020-05-26,New Jersey,34,155764,11191,672.0
2020-05-27,New Jersey,34,156628,11339,864.0
2020-05-28,New Jersey,34,157815,11401,1187.0
2020-05-29,New Jersey,34,158844,11531,1029.0
2020-05-30,New Jersey,34,159608,11634,764.0
2020-05-31,New Jersey,34,160445,11698,837.0
2020-06-01,New Jersey,34,160918,11721,473.0
2020-06-02,New Jersey,34,161545,11770,627.0
2020-06-03,New Jersey,34,162068,11880,523.0
2020-06-04,New Jersey,34,162530,11970,462.0
2020-06-05,New Jersey,34,163336,12049,806.0
2020-06-06,New Jersey,34,163893,12106,557.0
2020-06-07,New Jersey,34,164164,12176,271.0
2020-06-08,New Jersey,34,164497,12214,333.0
2020-06-09,New Jersey,34,164796,12303,299.0
2020-06-10,New Jersey,34,165346,12377,550.0
2020-06-11,New Jersey,34,165816,12443,470.0
2020-06-12,New Jersey,34,166164,12489,348.0
2020-06-13,New Jersey,34,166605,12589,441.0
2020-06-14,New Jersey,34,166881,12625,276.0
2020-06-15,New Jersey,34,167103,12676,222.0
2020-06-16,New Jersey,34,167426,12727,323.0
2020-06-17,New Jersey,34,167703,12769,277.0
2020-06-18,New Jersey,34,168107,12800,404.0
2020-06-19,New Jersey,34,168496,12835,389.0
2020-06-20,New Jersey,34,168834,12857,338.0
2020-06-21,New Jersey,34,169142,12870,308.0
2020-06-22,New Jersey,34,169415,12895,273.0
2020-06-23,New Jersey,34,169734,12949,319.0
2020-06-24,New Jersey,34,169892,12995,158.0
2020-06-25,New Jersey,34,172050,14872,2158.0
2020-06-26,New Jersey,34,172438,14914,388.0
2020-06-27,New Jersey,34,172727,14948,289.0
2020-06-28,New Jersey,34,173036,14975,309.0
2020-06-29,New Jersey,34,173126,14992,90.0
2020-06-30,New Jersey,34,173521,15035,395.0
2020-07-01,New Jersey,34,173782,15078,261.0
2020-07-02,New Jersey,34,174212,15107,430.0
2020-07-03,New Jersey,34,174598,15164,386.0
2020-07-04,New Jersey,34,174889,15189,291.0
2020-07-05,New Jersey,34,175258,15211,369.0
2020-07-06,New Jersey,34,175467,15229,209.0
2020-07-07,New Jersey,34,175734,15281,267.0
2020-07-08,New Jersey,34,175986,15423,252.0
2020-07-09,New Jersey,34,176217,15448,231.0
2020-07-10,New Jersey,34,176575,15479,358.0
2020-07-11,New Jersey,34,176906,15525,331.0
2020-07-12,New Jersey,34,177245,15525,339.0
2020-07-13,New Jersey,34,177469,15560,224.0
2020-07-14,New Jersey,34,177862,15582,393.0
2020-07-15,New Jersey,34,178252,15634,390.0
2020-07-16,New Jersey,34,178475,15665,223.0
2020-07-17,New Jersey,34,178525,15684,50.0
2020-07-18,New Jersey,34,178788,15699,263.0
2020-07-19,New Jersey,34,178757,15706,-31.0
2020-07-20,New Jersey,34,178937,15715,180.0
2020-07-21,New Jersey,34,179230,15737,293.0
2020-07-22,New Jersey,34,179565,15707,335.0
2020-07-23,New Jersey,34,179807,15730,242.0
2020-07-24,New Jersey,34,180265,15765,458.0
2020-07-25,New Jersey,34,180778,15776,513.0
2020-07-26,New Jersey,34,181283,15787,505.0
2020-03-01,New York,36,1,0,0.0
2020-03-02,New York,36,1,0,0.0
2020-03-03,New York,36,2,0,1.0
2020-03-04,New York,36,11,0,9.0
2020-03-05,New York,36,22,0,11.0
2020-03-06,New York,36,44,0,22.0
2020-03-07,New York,36,89,0,45.0
2020-03-08,New York,36,106,0,17.0
2020-03-09,New York,36,142,0,36.0
2020-03-10,New York,36,173,0,31.0
2020-03-11,New York,36,217,0,44.0
2020-03-12,New York,36,326,0,109.0
2020-03-13,New York,36,421,0,95.0
2020-03-14,New York,36,610,2,189.0
2020-03-15,New York,36,732,6,122.0
2020-03-16,New York,36,950,10,218.0
2020-03-17,New York,36,1375,18,425.0
2020-03-18,New York,36,2387,32,1012.0
2020-03-19,New York,36,4161,39,1774.0
2020-03-20,New York,36,7113,68,2952.0
2020-03-21,New York,36,10371,95,3258.0
2020-03-22,New York,36,15188,142,4817.0
2020-03-23,New York,36,20899,183,5711.0
2020-03-24,New York,36,25704,264,4805.0
2020-03-25,New York,36,33117,381,7413.0
2020-03-26,New York,36,39058,502,5941.0
2020-03-27,New York,36,44746,645,5688.0
2020-03-28,New York,36,53517,935,8771.0
2020-03-29,New York,36,59783,1180,6266.0
2020-03-30,New York,36,67504,1512,7721.0
2020-03-31,New York,36,76211,1929,8707.0
2020-04-01,New York,36,84364,2415,8153.0
2020-04-02,New York,36,93360,2963,8996.0
2020-04-03,New York,36,103689,3716,10329.0
2020-04-04,New York,36,115963,4535,12274.0
2020-04-05,New York,36,124085,5335,8122.0
2020-04-06,New York,36,133389,6149,9304.0
2020-04-07,New York,36,141703,7185,8314.0
2020-04-08,New York,36,151271,8138,9568.0
2020-04-09,New York,36,162036,9166,10765.0
2020-04-10,New York,36,172830,10162,10794.0
2020-04-11,New York,36,182990,11159,10160.0
2020-04-12,New York,36,191425,12116,8435.0
2020-04-13,New York,36,197973,12998,6548.0
2020-04-14,New York,36,205375,14001,7402.0
2020-04-15,New York,36,217130,14937,11755.0
2020-04-16,New York,36,225761,15669,8631.0
2020-04-17,New York,36,233293,16473,7532.0
2020-04-18,New York,36,240542,17141,7249.0
2020-04-19,New York,36,246741,17793,6199.0
2020-04-20,New York,36,251608,18412,4867.0
2020-04-21,New York,36,255932,19040,4324.0
2020-04-22,New York,36,261591,19647,5659.0
2020-04-23,New York,36,267932,20212,6341.0
2020-04-24,New York,36,276218,20759,8286.0
2020-04-25,New York,36,286901,21326,10683.0
2020-04-26,New York,36,292914,21804,6013.0
2020-04-27,New York,36,296991,22267,4077.0
2020-04-28,New York,36,300276,22777,3285.0
2020-04-29,New York,36,304994,23287,4718.0
2020-04-30,New York,36,309696,23616,4702.0
2020-05-01,New York,36,313575,23841,3879.0
2020-05-02,New York,36,318134,24035,4559.0
2020-05-03,New York,36,321833,24576,3699.0
2020-05-04,New York,36,324357,24788,2524.0
2020-05-05,New York,36,326659,25028,2302.0
2020-05-06,New York,36,329405,25956,2746.0
2020-05-07,New York,36,332931,26206,3526.0
2020-05-08,New York,36,335804,26358,2873.0
2020-05-09,New York,36,338519,26584,2715.0
2020-05-10,New York,36,340657,26798,2138.0
2020-05-11,New York,36,342267,27003,1610.0
2020-05-12,New York,36,343705,27282,1438.0
2020-05-13,New York,36,345828,27448,2123.0
2020-05-14,New York,36,348192,27617,2364.0
2020-05-15,New York,36,350951,27755,2759.0
2020-05-16,New York,36,353136,27953,2185.0
2020-05-17,New York,36,355037,28168,1901.0
2020-05-18,New York,36,356278,28302,1241.0
2020-05-19,New York,36,357757,28437,1479.0
2020-05-20,New York,36,359235,28540,1478.0
2020-05-21,New York,36,361313,28663,2078.0
2020-05-22,New York,36,362991,28802,1678.0
2020-05-23,New York,36,364745,28900,1754.0
2020-05-24,New York,36,366346,29046,1601.0
2020-05-25,New York,36,367625,29138,1279.0
2020-05-26,New York,36,368669,29241,1044.0
2020-05-27,New York,36,369801,29339,1132.0
2020-05-28,New York,36,371559,29438,1758.0
2020-05-29,New York,36,373108,29535,1549.0
2020-05-30,New York,36,374471,29612,1363.0
2020-05-31,New York,36,375575,29699,1104.0
2020-06-01,New York,36,376520,29766,945.0
2020-06-02,New York,36,377881,29847,1361.0
2020-06-03,New York,36,378924,29918,1043.0
2020-06-04,New York,36,379977,30011,1053.0
2020-06-05,New York,36,381019,30066,1042.0
2020-06-06,New York,36,382102,30123,1083.0
2020-06-07,New York,36,382879,30183,777.0
2020-06-08,New York,36,383591,30239,712.0
2020-06-09,New York,36,384281,30309,690.0
2020-06-10,New York,36,384945,30376,664.0
2020-06-11,New York,36,385669,30431,724.0
2020-06-12,New York,36,386490,30511,821.0
2020-06-13,New York,36,387402,30565,912.0
2020-06-14,New York,36,388096,30605,694.0
2020-06-15,New York,36,388719,30645,623.0
2020-06-16,New York,36,389349,30683,630.0
2020-06-17,New York,36,389910,30722,561.0
2020-06-18,New York,36,390536,30767,626.0
2020-06-19,New York,36,391330,30816,794.0
2020-06-20,New York,36,392037,30839,707.0
2020-06-21,New York,36,392702,30884,665.0
2020-06-22,New York,36,393257,30934,555.0
2020-06-23,New York,36,393855,30970,598.0
2020-06-24,New York,36,394430,31001,575.0
2020-06-25,New York,36,395168,31029,738.0
2020-06-26,New York,36,395972,31075,804.0
2020-06-27,New York,36,396669,31105,697.0
2020-06-28,New York,36,397293,31137,624.0
2020-06-29,New York,36,397684,31143,391.0
2020-06-30,New York,36,398142,31776,458.0
2020-07-01,New York,36,398770,31791,628.0
2020-07-02,New York,36,399642,31814,872.0
2020-07-03,New York,36,400561,31836,919.0
2020-07-04,New York,36,401286,31860,725.0
2020-07-05,New York,36,401822,31895,536.0
2020-07-06,New York,36,402338,31911,516.0
2020-07-07,New York,36,402928,31934,590.0
2020-07-08,New York,36,403619,31945,691.0
2020-07-09,New York,36,404207,31979,588.0
2020-07-10,New York,36,404997,32004,790.0
2020-07-11,New York,36,405724,32019,727.0
2020-07-12,New York,36,406403,32029,679.0
2020-07-13,New York,36,406962,32075,559.0
2020-07-14,New York,36,407875,32092,913.0
2020-07-15,New York,36,408709,32115,834.0
2020-07-16,New York,36,409476,32133,767.0
2020-07-17,New York,36,410254,32147,778.0
2020-07-18,New York,36,411006,32167,752.0
2020-07-19,New York,36,411515,32187,509.0
2020-07-20,New York,36,412034,32203,519.0
2020-07-21,New York,36,412889,32218,855.0
2020-07-22,New York,36,413595,32228,706.0
2020-07-23,New York,36,414405,32270,810.0
2020-07-24,New York,36,415163,32278,758.0
2020-07-25,New York,36,415911,32295,748.0
2020-07-26,New York,36,416443,32305,532.0
2020-03-06,Pennsylvania,42,2,0,0.0
2020-03-07,Pennsylvania,42,4,0,2.0
2020-03-08,Pennsylvania,42,6,0,2.0
2020-03-09,Pennsylvania,42,10,0,4.0
2020-03-10,Pennsylvania,42,12,0,2.0
2020-03-11,Pennsylvania,42,16,0,4.0
2020-03-12,Pennsylvania,42,22,0,6.0
2020-03-13,Pennsylvania,42,41,0,19.0
2020-03-14,Pennsylvania,42,47,0,6.0
2020-03-15,Pennsylvania,42,68,0,21.0
2020-03-16,Pennsylvania,42,81,0,13.0
2020-03-17,Pennsylvania,42,101,0,20.0
2020-03-18,Pennsylvania,42,139,1,38.0
2020-03-19,Pennsylvania,42,187,1,48.0
2020-03-20,Pennsylvania,42,269,1,82.0
2020-03-21,Pennsylvania,42,388,2,119.0
2020-03-22,Pennsylvania,42,504,3,116.0
2020-03-23,Pennsylvania,42,644,6,140.0
2020-03-24,Pennsylvania,42,851,8,207.0
2020-03-25,Pennsylvania,42,1151,12,300.0
2020-03-26,Pennsylvania,42,1690,16,539.0
2020-03-27,Pennsylvania,42,2217,23,527.0
2020-03-28,Pennsylvania,42,2815,35,598.0
2020-03-29,Pennsylvania,42,3441,40,626.0
2020-03-30,Pennsylvania,42,4156,48,715.0
2020-03-31,Pennsylvania,42,4997,72,841.0
2020-04-01,Pennsylvania,42,5805,78,808.0
2020-04-02,Pennsylvania,42,7021,91,1216.0
2020-04-03,Pennsylvania,42,8420,102,1399.0
2020-04-04,Pennsylvania,42,10110,140,1690.0
2020-04-05,Pennsylvania,42,11590,159,1480.0
2020-04-06,Pennsylvania,42,13075,170,1485.0
2020-04-07,Pennsylvania,42,14582,241,1507.0
2020-04-08,Pennsylvania,42,16414,313,1832.0
2020-04-09,Pennsylvania,42,18379,344,1965.0
2020-04-10,Pennsylvania,42,20128,435,1749.0
2020-04-11,Pennsylvania,42,21774,515,1646.0
2020-04-12,Pennsylvania,42,22955,525,1181.0
2020-04-13,Pennsylvania,42,24295,563,1340.0
2020-04-14,Pennsylvania,42,25591,746,1296.0
2020-04-15,Pennsylvania,42,26804,833,1213.0
2020-04-16,Pennsylvania,42,28314,940,1510.0
2020-04-17,Pennsylvania,42,30121,1027,1807.0
2020-04-18,Pennsylvania,42,31742,1150,1621.0
2020-04-19,Pennsylvania,42,32992,1285,1250.0
2020-04-20,Pennsylvania,42,34005,1366,1013.0
2020-04-21,Pennsylvania,42,35384,1620,1379.0
2020-04-22,Pennsylvania,42,36763,1720,1379.0
2020-04-23,Pennsylvania,42,38334,1723,1571.0
2020-04-24,Pennsylvania,42,40298,1786,1964.0
2020-04-25,Pennsylvania,42,41626,1842,1328.0
2020-04-26,Pennsylvania,42,42709,1871,1083.0
2020-04-27,Pennsylvania,42,43728,1946,1019.0
2020-04-28,Pennsylvania,42,45323,2092,1595.0
2020-04-29,Pennsylvania,42,46191,2392,868.0
2020-04-30,Pennsylvania,42,48224,2580,2033.0
2020-05-01,Pennsylvania,42,49764,2671,1540.0
2020-05-02,Pennsylvania,42,51071,2794,1307.0
2020-05-03,Pennsylvania,42,52079,2843,1008.0
2020-05-04,Pennsylvania,42,52992,2880,913.0
2020-05-05,Pennsylvania,42,53967,3206,975.0
2020-05-06,Pennsylvania,42,54989,3360,1022.0
2020-05-07,Pennsylvania,42,56149,3599,1160.0
2020-05-08,Pennsylvania,42,57501,3724,1352.0
2020-05-09,Pennsylvania,42,58661,3793,1160.0
2020-05-10,Pennsylvania,42,60037,3819,1376.0
2020-05-11,Pennsylvania,42,60557,3846,520.0
2020-05-12,Pennsylvania,42,61407,3924,850.0
2020-05-13,Pennsylvania,42,62194,4104,787.0
2020-05-14,Pennsylvania,42,63158,4298,964.0
2020-05-15,Pennsylvania,42,64178,4432,1020.0
2020-05-16,Pennsylvania,42,65228,4490,1050.0
2020-05-17,Pennsylvania,42,65745,4504,517.0
2020-05-18,Pennsylvania,42,66676,4560,931.0
2020-05-19,Pennsylvania,42,67404,4675,728.0
2020-05-20,Pennsylvania,42,68151,4794,747.0
2020-05-21,Pennsylvania,42,69252,4887,1101.0
2020-05-22,Pennsylvania,42,70305,5032,1053.0
2020-05-23,Pennsylvania,42,71102,5121,797.0
2020-05-24,Pennsylvania,42,71656,5145,554.0
2020-05-25,Pennsylvania,42,72356,5159,700.0
2020-05-26,Pennsylvania,42,72873,5175,517.0
2020-05-27,Pennsylvania,42,73646,5290,773.0
2020-05-28,Pennsylvania,42,74312,5397,666.0
2020-05-29,Pennsylvania,42,75073,5467,761.0
2020-05-30,Pennsylvania,42,75789,5537,716.0
2020-05-31,Pennsylvania,42,76218,5555,429.0
2020-06-01,Pennsylvania,42,76734,5574,516.0
2020-06-02,Pennsylvania,42,77315,5670,581.0
2020-06-03,Pennsylvania,42,77871,5742,556.0
2020-06-04,Pennsylvania,42,78428,5862,557.0
2020-06-05,Pennsylvania,42,78908,5952,480.0
2020-06-06,Pennsylvania,42,79507,5986,599.0
2020-06-07,Pennsylvania,42,80001,5997,494.0
2020-06-08,Pennsylvania,42,80432,6007,431.0
2020-06-09,Pennsylvania,42,80964,6070,532.0
2020-06-10,Pennsylvania,42,81410,6143,446.0
2020-06-11,Pennsylvania,42,81944,6187,534.0
2020-06-12,Pennsylvania,42,82578,6229,634.0
2020-06-13,Pennsylvania,42,82988,6264,410.0
2020-06-14,Pennsylvania,42,83301,6275,313.0
2020-06-15,Pennsylvania,42,83687,6307,386.0
2020-06-16,Pennsylvania,42,84077,6337,390.0
2020-06-17,Pennsylvania,42,84387,6376,310.0
2020-06-18,Pennsylvania,42,84780,6417,393.0
2020-06-19,Pennsylvania,42,85288,6446,508.0
2020-06-20,Pennsylvania,42,85678,6467,390.0
2020-06-21,Pennsylvania,42,86024,6472,346.0
2020-06-22,Pennsylvania,42,86666,6475,642.0
2020-06-23,Pennsylvania,42,87283,6511,617.0
2020-06-24,Pennsylvania,42,87775,6568,492.0
2020-06-25,Pennsylvania,42,88230,6602,455.0
2020-06-26,Pennsylvania,42,88950,6625,720.0
2020-06-27,Pennsylvania,42,89400,6652,450.0
2020-06-28,Pennsylvania,42,89785,6655,385.0
2020-06-29,Pennsylvania,42,90553,6663,768.0
2020-06-30,Pennsylvania,42,91226,6695,673.0
2020-07-01,Pennsylvania,42,91864,6704,638.0
2020-07-02,Pennsylvania,42,92703,6758,839.0
2020-07-03,Pennsylvania,42,93418,6790,715.0
2020-07-04,Pennsylvania,42,93922,6793,504.0
2020-07-05,Pennsylvania,42,94403,6797,481.0
2020-07-06,Pennsylvania,42,95187,6798,784.0
2020-07-07,Pennsylvania,42,95986,6835,799.0
2020-07-08,Pennsylvania,42,96817,6864,831.0
2020-07-09,Pennsylvania,42,97634,6895,817.0
2020-07-10,Pennsylvania,42,98574,6929,940.0
2020-07-11,Pennsylvania,42,99252,6945,678.0
2020-07-12,Pennsylvania,42,99794,6950,542.0
2020-07-13,Pennsylvania,42,100378,6955,584.0
2020-07-14,Pennsylvania,42,101360,6973,982.0
2020-07-15,Pennsylvania,42,102361,7011,1001.0
2020-07-16,Pennsylvania,42,103169,7039,808.0
2020-07-17,Pennsylvania,42,104172,7057,1003.0
2020-07-18,Pennsylvania,42,104780,7068,608.0
2020-07-19,Pennsylvania,42,105384,7074,604.0
2020-07-20,Pennsylvania,42,106498,7076,1114.0
2020-07-21,Pennsylvania,42,107460,7094,962.0
2020-07-22,Pennsylvania,42,108267,7125,807.0
2020-07-23,Pennsylvania,42,109153,7142,886.0
2020-07-24,Pennsylvania,42,110342,7162,1189.0
2020-07-25,Pennsylvania,42,111121,7167,779.0
2020-07-26,Pennsylvania,42,111773,7170,652.0
2020-02-12,Texas,48,1,0,0.0
2020-02-13,Texas,48,2,0,1.0
2020-02-14,Texas,48,2,0,0.0
2020-02-15,Texas,48,2,0,0.0
2020-02-16,Texas,48,2,0,0.0
2020-02-17,Texas,48,2,0,0.0
2020-02-18,Texas,48,2,0,0.0
2020-02-19,Texas,48,2,0,0.0
2020-02-20,Texas,48,2,0,0.0
2020-02-21,Texas,48,4,0,2.0
2020-02-22,Texas,48,4,0,0.0
2020-02-23,Texas,48,4,0,0.0
2020-02-24,Texas,48,10,0,6.0
2020-02-25,Texas,48,10,0,0.0
2020-02-26,Texas,48,10,0,0.0
2020-02-27,Texas,48,10,0,0.0
2020-02-28,Texas,48,11,0,1.0
2020-02-29,Texas,48,11,0,0.0
2020-03-01,Texas,48,11,0,0.0
2020-03-02,Texas,48,11,0,0.0
2020-03-03,Texas,48,11,0,0.0
2020-03-04,Texas,48,12,0,1.0
2020-03-05,Texas,48,16,0,4.0
2020-03-06,Texas,48,19,0,3.0
2020-03-07,Texas,48,19,0,0.0
2020-03-08,Texas,48,23,0,4.0
2020-03-09,Texas,48,24,0,1.0
2020-03-10,Texas,48,31,0,7.0
2020-03-11,Texas,48,33,0,2.0
2020-03-12,Texas,48,41,0,8.0
2020-03-13,Texas,48,58,0,17.0
2020-03-14,Texas,48,69,0,11.0
2020-03-15,Texas,48,80,0,11.0
2020-03-16,Texas,48,87,1,7.0
2020-03-17,Texas,48,106,1,19.0
2020-03-18,Texas,48,166,2,60.0
2020-03-19,Texas,48,248,4,82.0
2020-03-20,Texas,48,386,5,138.0
2020-03-21,Texas,48,547,5,161.0
2020-03-22,Texas,48,639,7,92.0
2020-03-23,Texas,48,728,7,89.0
2020-03-24,Texas,48,857,11,129.0
2020-03-25,Texas,48,1132,13,275.0
2020-03-26,Texas,48,1542,21,410.0
2020-03-27,Texas,48,1971,25,429.0
2020-03-28,Texas,48,2381,30,410.0
2020-03-29,Texas,48,2722,35,341.0
2020-03-30,Texas,48,3065,46,343.0
2020-03-31,Texas,48,3588,57,523.0
2020-04-01,Texas,48,4402,65,814.0
2020-04-02,Texas,48,4952,80,550.0
2020-04-03,Texas,48,5773,98,821.0
2020-04-04,Texas,48,6566,124,793.0
2020-04-05,Texas,48,7117,136,551.0
2020-04-06,Texas,48,8150,159,1033.0
2020-04-07,Texas,48,8968,177,818.0
2020-04-08,Texas,48,9897,195,929.0
2020-04-09,Texas,48,11372,228,1475.0
2020-04-10,Texas,48,12291,249,919.0
2020-04-11,Texas,48,13208,265,917.0
2020-04-12,Texas,48,13776,288,568.0
2020-04-13,Texas,48,14487,320,711.0
2020-04-14,Texas,48,15303,365,816.0
2020-04-15,Texas,48,16106,395,803.0
2020-04-16,Texas,48,16928,428,822.0
2020-04-17,Texas,48,18131,461,1203.0
2020-04-18,Texas,48,18927,487,796.0
2020-04-19,Texas,48,19441,503,514.0
2020-04-20,Texas,48,20035,523,594.0
2020-04-21,Texas,48,20949,552,914.0
2020-04-22,Texas,48,21769,571,820.0
2020-04-23,Texas,48,22706,601,937.0
2020-04-24,Texas,48,23650,625,944.0
2020-04-25,Texas,48,24494,662,844.0
2020-04-26,Texas,48,25209,676,715.0
2020-04-27,Texas,48,25963,699,754.0
2020-04-28,Texas,48,26868,738,905.0
2020-04-29,Texas,48,27839,776,971.0
2020-04-30,Texas,48,29072,828,1233.0
2020-05-01,Texas,48,30342,853,1270.0
2020-05-02,Texas,48,31433,875,1091.0
2020-05-03,Texas,48,32299,890,866.0
2020-05-04,Texas,48,33134,914,835.0
2020-05-05,Texas,48,34286,955,1152.0
2020-05-06,Texas,48,35441,985,1155.0
2020-05-07,Texas,48,36682,1016,1241.0
2020-05-08,Texas,48,37943,1059,1261.0
2020-05-09,Texas,48,38849,1086,906.0
2020-05-10,Texas,48,40037,1110,1188.0
2020-05-11,Texas,48,40988,1137,951.0
2020-05-12,Texas,48,42348,1169,1360.0
2020-05-13,Texas,48,43822,1205,1474.0
2020-05-14,Texas,48,45169,1256,1347.0
2020-05-15,Texas,48,46987,1300,1818.0
2020-05-16,Texas,48,47866,1330,879.0
2020-05-17,Texas,48,48828,1356,962.0
2020-05-18,Texas,48,49788,1362,960.0
2020-05-19,Texas,48,51080,1405,1292.0
2020-05-20,Texas,48,52369,1443,1289.0
2020-05-21,Texas,48,53441,1480,1072.0
2020-05-22,Texas,48,54369,1498,928.0
2020-05-23,Texas,48,55451,1522,1082.0
2020-05-24,Texas,48,56050,1533,599.0
2020-05-25,Texas,48,56490,1536,440.0
2020-05-26,Texas,48,57573,1552,1083.0
2020-05-27,Texas,48,59105,1598,1532.0
2020-05-28,Texas,48,60820,1618,1715.0
2020-05-29,Texas,48,62073,1645,1253.0
2020-05-30,Texas,48,63396,1676,1323.0
2020-05-31,Texas,48,64974,1683,1578.0
2020-06-01,Texas,48,66081,1695,1107.0
2020-06-02,Texas,48,67966,1732,1885.0
2020-06-03,Texas,48,69546,1766,1580.0
2020-06-04,Texas,48,71330,1793,1784.0
2020-06-05,Texas,48,73323,1821,1993.0
2020-06-06,Texas,48,75077,1840,1754.0
2020-06-07,Texas,48,75948,1846,871.0
2020-06-08,Texas,48,77326,1856,1378.0
2020-06-09,Texas,48,79271,1886,1945.0
2020-06-10,Texas,48,81771,1916,2500.0
2020-06-11,Texas,48,83772,1942,2001.0
2020-06-12,Texas,48,86031,1965,2259.0
2020-06-13,Texas,48,88120,1989,2089.0
2020-06-14,Texas,48,89542,1995,1422.0
2020-06-15,Texas,48,91726,2018,2184.0
2020-06-16,Texas,48,95973,2057,4247.0
2020-06-17,Texas,48,99466,2099,3493.0
2020-06-18,Texas,48,102677,2137,3211.0
2020-06-19,Texas,48,107322,2168,4645.0
2020-06-20,Texas,48,111594,2186,4272.0
2020-06-21,Texas,48,114886,2195,3292.0
2020-06-22,Texas,48,119646,2213,4760.0
2020-06-23,Texas,48,124726,2246,5080.0
2020-06-24,Texas,48,131310,2292,6584.0
2020-06-25,Texas,48,136783,2321,5473.0
2020-06-26,Texas,48,142582,2362,5799.0
2020-06-27,Texas,48,148639,2398,6057.0
2020-06-28,Texas,48,152437,2407,3798.0
2020-06-29,Texas,48,158756,2430,6319.0
2020-06-30,Texas,48,166703,2482,7947.0
2020-07-01,Texas,48,174826,2518,8123.0
2020-07-02,Texas,48,182260,2562,7434.0
2020-07-03,Texas,48,189418,2608,7158.0
2020-07-04,Texas,48,195707,2646,6289.0
2020-07-05,Texas,48,200137,2666,4430.0
2020-07-06,Texas,48,209350,2726,9213.0
2020-07-07,Texas,48,219164,2816,9814.0
2020-07-08,Texas,48,229116,2935,9952.0
2020-07-09,Texas,48,240025,3037,10909.0
2020-07-10,Texas,48,249948,3129,9923.0
2020-07-11,Texas,48,258280,3206,8332.0
2020-07-12,Texas,48,264811,3246,6531.0
2020-07-13,Texas,48,273732,3313,8921.0
2020-07-14,Texas,48,284638,3449,10906.0
2020-07-15,Texas,48,296478,3590,11840.0
2020-07-16,Texas,48,311516,3744,15038.0
2020-07-17,Texas,48,321254,3889,9738.0
2020-07-18,Texas,48,330059,3972,8805.0
2020-07-19,Texas,48,338036,4033,7977.0
2020-07-20,Texas,48,345672,4160,7636.0
2020-07-21,Texas,48,355594,4319,9922.0
2020-07-22,Texas,48,366561,4522,10967.0
2020-07-23,Texas,48,376104,4714,9543.0
2020-07-24,Texas,48,383662,4876,7558.0
2020-07-25,Texas,48,391609,5002,7947.0
2020-07-26,Texas,48,395738,5090,4129.0
