location,date,total_cases,new_cases,total_deaths,new_deaths
Argentina,2020-02-11,0.0,0.0,0.0,0.0
Argentina,2020-02-12,0.0,0.0,0.0,0.0
Argentina,2020-02-13,0.0,0.0,0.0,0.0
Argentina,2020-02-14,0.0,0.0,0.0,0.0
Argentina,2020-02-15,0.0,0.0,0.0,0.0
Argentina,2020-02-16,0.0,0.0,0.0,0.0
Argentina,2020-02-17,0.0,0.0,0.0,0.0
Argentina,2020-02-18,0.0,0.0,0.0,0.0
Argentina,2020-02-19,0.0,0.0,0.0,0.0
Argentina,2020-02-20,0.0,0.0,0.0,0.0
Argentina,2020-02-21,0.0,0.0,0.0,0.0
Argentina,2020-02-22,0.0,0.0,0.0,0.0
Argentina,2020-02-23,0.0,0.0,0.0,0.0
Argentina,2020-02-24,0.0,0.0,0.0,0.0
Argentina,2020-02-25,0.0,0.0,0.0,0.0
Argentina,2020-02-26,0.0,0.0,0.0,0.0
Argentina,2020-02-27,0.0,0.0,0.0,0.0
Argentina,2020-02-28,0.0,0.0,0.0,0.0
Argentina,2020-02-29,0.0,0.0,0.0,0.0
Argentina,2020-03-01,0.0,0.0,0.0,0.0
Argentina,2020-03-02,0.0,0.0,0.0,0.0
Argentina,2020-03-03,0.0,0.0,0.0,0.0
Argentina,2020-03-04,1.0,1.0,0.0,0.0
Argentina,2020-03-05,0.0,0.0,0.0,0.0
Argentina,2020-03-06,2.0,1.0,0.0,0.0
Argentina,2020-03-07,8.0,6.0,0.0,0.0
Argentina,2020-03-08,9.0,1.0,1.0,1.0
Argentina,2020-03-09,12.0,3.0,1.0,0.0
Argentina,2020-03-10,0.0,0.0,0.0,0.0
Argentina,2020-03-11,19.0,7.0,1.0,0.0
Argentina,2020-03-12,0.0,0.0,0.0,0.0
Argentina,2020-03-13,31.0,12.0,1.0,0.0
Argentina,2020-03-14,34.0,3.0,2.0,1.0
Argentina,2020-03-15,45.0,11.0,2.0,0.0
Argentina,2020-03-16,56.0,11.0,2.0,0.0
Argentina,2020-03-17,65.0,9.0,2.0,0.0
Argentina,2020-03-18,79.0,14.0,2.0,0.0
Argentina,2020-03-19,97.0,18.0,2.0,0.0
Argentina,2020-03-20,128.0,31.0,3.0,1.0
Argentina,2020-03-21,158.0,30.0,3.0,0.0
Argentina,2020-03-22,225.0,67.0,4.0,1.0
Argentina,2020-03-23,266.0,41.0,4.0,0.0
Argentina,2020-03-24,301.0,35.0,4.0,0.0
Argentina,2020-03-25,387.0,86.0,6.0,2.0
Argentina,2020-03-26,502.0,115.0,8.0,2.0
Argentina,2020-03-27,589.0,87.0,12.0,4.0
Argentina,2020-03-28,690.0,101.0,17.0,5.0
Argentina,2020-03-29,745.0,55.0,19.0,2.0
Argentina,2020-03-30,820.0,75.0,20.0,1.0
Argentina,2020-03-31,966.0,146.0,24.0,4.0
Argentina,2020-04-01,966.0,0.0,24.0,0.0
Argentina,2020-04-02,1133.0,167.0,31.0,7.0
Argentina,2020-04-03,1133.0,0.0,34.0,3.0
Argentina,2020-04-04,1265.0,132.0,37.0,3.0
Argentina,2020-04-05,1451.0,186.0,43.0,6.0
Argentina,2020-04-06,1554.0,103.0,46.0,3.0
Argentina,2020-04-07,1628.0,74.0,53.0,7.0
Argentina,2020-04-08,1715.0,87.0,60.0,7.0
Argentina,2020-04-09,1795.0,80.0,65.0,5.0
Argentina,2020-04-10,1894.0,99.0,79.0,14.0
Argentina,2020-04-11,1975.0,81.0,82.0,3.0
Argentina,2020-04-12,2137.0,162.0,89.0,7.0
Argentina,2020-04-13,2203.0,66.0,95.0,6.0
Argentina,2020-04-14,2272.0,69.0,98.0,3.0
Argentina,2020-04-15,2432.0,160.0,105.0,7.0
Argentina,2020-04-16,2432.0,0.0,109.0,4.0
Argentina,2020-04-17,2560.0,128.0,115.0,6.0
Argentina,2020-04-18,2658.0,98.0,122.0,7.0
Argentina,2020-04-19,2828.0,170.0,132.0,10.0
Argentina,2020-04-20,2930.0,102.0,134.0,2.0
Argentina,2020-04-21,3020.0,90.0,142.0,8.0
Argentina,2020-04-22,3132.0,112.0,151.0,9.0
Argentina,2020-04-23,3276.0,144.0,159.0,8.0
Argentina,2020-04-24,3423.0,147.0,165.0,6.0
Argentina,2020-04-25,3423.0,0.0,167.0,2.0
Argentina,2020-04-26,3767.0,344.0,185.0,18.0
Argentina,2020-04-27,3767.0,0.0,186.0,1.0
Argentina,2020-04-28,3990.0,223.0,197.0,11.0
Argentina,2020-04-29,4114.0,124.0,207.0,10.0
Argentina,2020-04-30,4272.0,158.0,214.0,7.0
Argentina,2020-05-01,4415.0,143.0,218.0,4.0
Argentina,2020-05-02,4519.0,104.0,225.0,7.0
Argentina,2020-05-03,4668.0,149.0,237.0,12.0
Argentina,2020-05-04,4770.0,102.0,246.0,9.0
Argentina,2020-05-05,4874.0,104.0,260.0,14.0
Argentina,2020-05-06,5007.0,133.0,264.0,4.0
Argentina,2020-05-07,5195.0,188.0,273.0,9.0
Argentina,2020-05-08,5358.0,163.0,282.0,9.0
Argentina,2020-05-09,5598.0,240.0,293.0,11.0
Argentina,2020-05-10,5763.0,165.0,300.0,7.0
Argentina,2020-05-11,5776.0,13.0,300.0,0.0
Argentina,2020-05-12,6021.0,245.0,305.0,5.0
Argentina,2020-05-13,6550.0,529.0,319.0,14.0
Argentina,2020-05-14,6866.0,316.0,329.0,10.0
Argentina,2020-05-15,7121.0,255.0,353.0,24.0
Argentina,2020-05-16,7466.0,345.0,356.0,3.0
Argentina,2020-05-17,7792.0,326.0,363.0,7.0
Argentina,2020-05-18,7792.0,0.0,366.0,3.0
Argentina,2020-05-19,8358.0,566.0,382.0,16.0
Argentina,2020-05-20,8796.0,438.0,393.0,11.0
Argentina,2020-05-21,9270.0,474.0,403.0,10.0
Argentina,2020-05-22,9918.0,648.0,416.0,13.0
Argentina,2020-05-23,10636.0,718.0,433.0,17.0
Argentina,2020-05-24,11340.0,704.0,445.0,12.0
Argentina,2020-05-25,12063.0,723.0,452.0,7.0
Argentina,2020-05-26,12615.0,552.0,467.0,15.0
Argentina,2020-05-27,13215.0,600.0,484.0,17.0
Argentina,2020-05-28,13920.0,705.0,500.0,16.0
Argentina,2020-05-29,14689.0,769.0,508.0,8.0
Argentina,2020-05-30,15406.0,717.0,520.0,12.0
Argentina,2020-05-31,16201.0,795.0,528.0,8.0
Argentina,2020-06-01,16838.0,637.0,539.0,11.0
Argentina,2020-06-02,17402.0,564.0,556.0,17.0
Argentina,2020-06-03,18306.0,904.0,569.0,13.0
Argentina,2020-06-04,19255.0,949.0,583.0,14.0
Argentina,2020-06-05,19255.0,0.0,588.0,5.0
Argentina,2020-06-06,21024.0,1769.0,632.0,44.0
Argentina,2020-06-07,22007.0,983.0,648.0,16.0
Argentina,2020-06-08,22781.0,774.0,664.0,16.0
Argentina,2020-06-09,23607.0,826.0,693.0,29.0
Argentina,2020-06-10,24748.0,1141.0,717.0,24.0
Argentina,2020-06-11,25987.0,1239.0,735.0,18.0
Argentina,2020-06-12,27360.0,1373.0,765.0,30.0
Argentina,2020-06-13,28751.0,1391.0,785.0,20.0
Argentina,2020-06-14,30282.0,1531.0,815.0,30.0
Argentina,2020-06-15,31564.0,1282.0,833.0,18.0
Argentina,2020-06-16,32772.0,1208.0,854.0,21.0
Argentina,2020-06-17,34146.0,1374.0,878.0,24.0
Argentina,2020-06-18,35539.0,1393.0,913.0,35.0
Argentina,2020-06-19,35539.0,0.0,929.0,16.0
Argentina,2020-06-20,39557.0,4018.0,979.0,50.0
Argentina,2020-06-21,41191.0,1634.0,992.0,13.0
Argentina,2020-06-22,42772.0,1581.0,1011.0,19.0
Argentina,2020-06-23,44918.0,2146.0,1043.0,32.0
Argentina,2020-06-24,44918.0,0.0,1049.0,6.0
Argentina,2020-06-25,49838.0,4920.0,1085.0,36.0
Argentina,2020-06-26,52444.0,2606.0,1124.0,39.0
Argentina,2020-06-27,52444.0,0.0,1167.0,43.0
Argentina,2020-06-28,57731.0,5287.0,1207.0,40.0
Argentina,2020-06-29,57731.0,0.0,1217.0,10.0
Argentina,2020-06-30,62255.0,4524.0,1280.0,63.0
Argentina,2020-07-01,64517.0,2262.0,1307.0,27.0
Argentina,2020-07-02,67184.0,2667.0,1351.0,44.0
Argentina,2020-07-03,69928.0,2744.0,1385.0,34.0
Argentina,2020-07-04,72773.0,2845.0,1437.0,52.0
Argentina,2020-07-05,72773.0,0.0,1453.0,16.0
Argentina,2020-07-06,75363.0,2590.0,1490.0,37.0
Argentina,2020-07-07,77802.0,2439.0,1523.0,33.0
Argentina,2020-07-08,80434.0,2632.0,1602.0,79.0
Argentina,2020-07-09,83413.0,2979.0,1654.0,52.0
Argentina,2020-07-10,87017.0,3604.0,1707.0,53.0
Argentina,2020-07-11,90680.0,3663.0,1749.0,42.0
Argentina,2020-07-12,94047.0,3367.0,1810.0,61.0
Argentina,2020-07-13,97496.0,3449.0,1818.0,8.0
Argentina,2020-07-14,100153.0,2657.0,1903.0,85.0
Argentina,2020-07-15,103252.0,3099.0,1926.0,23.0
Argentina,2020-07-16,106897.0,3645.0,2050.0,124.0
Argentina,2020-07-17,111147.0,4250.0,2112.0,62.0
Argentina,2020-07-18,114770.0,3623.0,2133.0,21.0
Argentina,2020-07-19,119288.0,4518.0,2204.0,71.0
Argentina,2020-07-20,122511.0,3223.0,2246.0,42.0
Argentina,2020-07-21,126742.0,4231.0,2373.0,127.0
Argentina,2020-07-22,130761.0,4019.0,2373.0,0.0
Argentina,2020-07-23,136105.0,5344.0,2506.0,133.0
Argentina,2020-07-24,141887.0,5782.0,2617.0,111.0
Argentina,2020-07-25,148014.0,6127.0,2722.0,105.0
Argentina,2020-07-26,153507.0,5493.0,2847.0,125.0
Argentina,2020-07-27,162513.0,9006.0,2939.0,92.0
Brazil,2019-12-31,0.0,0.0,0.0,0.0
Brazil,2020-01-01,0.0,0.0,0.0,0.0
Brazil,2020-01-02,0.0,0.0,0.0,0.0
Brazil,2020-01-03,0.0,0.0,0.0,0.0
Brazil,2020-01-04,0.0,0.0,0.0,0.0
Brazil,2020-01-05,0.0,0.0,0.0,0.0
Brazil,2020-01-06,0.0,0.0,0.0,0.0
Brazil,2020-01-07,0.0,0.0,0.0,0.0
Brazil,2020-01-08,0.0,0.0,0.0,0.0
Brazil,2020-01-09,0.0,0.0,0.0,0.0
Brazil,2020-01-10,0.0,0.0,0.0,0.0
Brazil,2020-01-11,0.0,0.0,0.0,0.0
Brazil,2020-01-12,0.0,0.0,0.0,0.0
Brazil,2020-01-13,0.0,0.0,0.0,0.0
Brazil,2020-01-14,0.0,0.0,0.0,0.0
Brazil,2020-01-15,0.0,0.0,0.0,0.0
Brazil,2020-01-16,0.0,0.0,0.0,0.0
Brazil,2020-01-17,0.0,0.0,0.0,0.0
Brazil,2020-01-18,0.0,0.0,0.0,0.0
Brazil,2020-01-19,0.0,0.0,0.0,0.0
Brazil,2020-01-20,0.0,0.0,0.0,0.0
Brazil,2020-01-21,0.0,0.0,0.0,0.0
Brazil,2020-01-22,0.0,0.0,0.0,0.0
Brazil,2020-01-23,0.0,0.0,0.0,0.0
Brazil,2020-01-24,0.0,0.0,0.0,0.0
Brazil,2020-01-25,0.0,0.0,0.0,0.0
Brazil,2020-01-26,0.0,0.0,0.0,0.0
Brazil,2020-01-27,0.0,0.0,0.0,0.0
Brazil,2020-01-28,0.0,0.0,0.0,0.0
Brazil,2020-01-29,0.0,0.0,0.0,0.0
Brazil,2020-01-30,0.0,0.0,0.0,0.0
Brazil,2020-01-31,0.0,0.0,0.0,0.0
Brazil,2020-02-01,0.0,0.0,0.0,0.0
Brazil,2020-02-02,0.0,0.0,0.0,0.0
Brazil,2020-02-03,0.0,0.0,0.0,0.0
Brazil,2020-02-04,0.0,0.0,0.0,0.0
Brazil,2020-02-05,0.0,0.0,0.0,0.0
Brazil,2020-02-06,0.0,0.0,0.0,0.0
Brazil,2020-02-07,0.0,0.0,0.0,0.0
Brazil,2020-02-08,0.0,0.0,0.0,0.0
Brazil,2020-02-09,0.0,0.0,0.0,0.0
Brazil,2020-02-10,0.0,0.0,0.0,0.0
Brazil,2020-02-11,0.0,0.0,0.0,0.0
Brazil,2020-02-12,0.0,0.0,0.0,0.0
Brazil,2020-02-13,0.0,0.0,0.0,0.0
Brazil,2020-02-14,0.0,0.0,0.0,0.0
Brazil,2020-02-15,0.0,0.0,0.0,0.0
Brazil,2020-02-16,0.0,0.0,0.0,0.0
Brazil,2020-02-17,0.0,0.0,0.0,0.0
Brazil,2020-02-18,0.0,0.0,0.0,0.0
Brazil,2020-02-19,0.0,0.0,0.0,0.0
Brazil,2020-02-20,0.0,0.0,0.0,0.0
Brazil,2020-02-21,0.0,0.0,0.0,0.0
Brazil,2020-02-22,0.0,0.0,0.0,0.0
Brazil,2020-02-23,0.0,0.0,0.0,0.0
Brazil,2020-02-24,0.0,0.0,0.0,0.0
Brazil,2020-02-25,0.0,0.0,0.0,0.0
Brazil,2020-02-26,1.0,1.0,0.0,0.0
Brazil,2020-02-27,1.0,0.0,0.0,0.0
Brazil,2020-02-28,1.0,0.0,0.0,0.0
Brazil,2020-02-29,1.0,0.0,0.0,0.0
Brazil,2020-03-01,2.0,1.0,0.0,0.0
Brazil,2020-03-02,2.0,0.0,0.0,0.0
Brazil,2020-03-03,2.0,0.0,0.0,0.0
Brazil,2020-03-04,2.0,0.0,0.0,0.0
Brazil,2020-03-05,3.0,1.0,0.0,0.0
Brazil,2020-03-06,8.0,5.0,0.0,0.0
Brazil,2020-03-07,13.0,5.0,0.0,0.0
Brazil,2020-03-08,13.0,0.0,0.0,0.0
Brazil,2020-03-09,25.0,12.0,0.0,0.0
Brazil,2020-03-10,25.0,0.0,0.0,0.0
Brazil,2020-03-11,34.0,9.0,0.0,0.0
Brazil,2020-03-12,52.0,18.0,0.0,0.0
Brazil,2020-03-13,77.0,25.0,0.0,0.0
Brazil,2020-03-14,98.0,21.0,0.0,0.0
Brazil,2020-03-15,121.0,23.0,0.0,0.0
Brazil,2020-03-16,200.0,79.0,0.0,0.0
Brazil,2020-03-17,234.0,34.0,0.0,0.0
Brazil,2020-03-18,291.0,57.0,1.0,1.0
Brazil,2020-03-19,428.0,137.0,4.0,3.0
Brazil,2020-03-20,621.0,193.0,6.0,2.0
Brazil,2020-03-21,904.0,283.0,11.0,5.0
Brazil,2020-03-22,1128.0,224.0,18.0,7.0
Brazil,2020-03-23,1546.0,418.0,25.0,7.0
Brazil,2020-03-24,1891.0,345.0,34.0,9.0
Brazil,2020-03-25,2201.0,310.0,46.0,12.0
Brazil,2020-03-26,2433.0,232.0,57.0,11.0
Brazil,2020-03-27,2915.0,482.0,77.0,20.0
Brazil,2020-03-28,3417.0,502.0,92.0,15.0
Brazil,2020-03-29,3904.0,487.0,114.0,22.0
Brazil,2020-03-30,4256.0,352.0,136.0,22.0
Brazil,2020-03-31,4579.0,323.0,159.0,23.0
Brazil,2020-04-01,5717.0,1138.0,201.0,42.0
Brazil,2020-04-02,6836.0,1119.0,241.0,40.0
Brazil,2020-04-03,7910.0,1074.0,299.0,58.0
Brazil,2020-04-04,9056.0,1146.0,359.0,60.0
Brazil,2020-04-05,10278.0,1222.0,432.0,73.0
Brazil,2020-04-06,11130.0,852.0,486.0,54.0
Brazil,2020-04-07,12056.0,926.0,553.0,67.0
Brazil,2020-04-08,13717.0,1661.0,667.0,114.0
Brazil,2020-04-09,15927.0,2210.0,800.0,133.0
Brazil,2020-04-10,17857.0,1930.0,941.0,141.0
Brazil,2020-04-11,19638.0,1781.0,1056.0,115.0
Brazil,2020-04-12,20727.0,1089.0,1124.0,68.0
Brazil,2020-04-13,22169.0,1442.0,1223.0,99.0
Brazil,2020-04-14,23430.0,1261.0,1328.0,105.0
Brazil,2020-04-15,25262.0,1832.0,1532.0,204.0
Brazil,2020-04-16,28320.0,3058.0,1736.0,204.0
Brazil,2020-04-17,30425.0,2105.0,1924.0,188.0
Brazil,2020-04-18,33682.0,3257.0,2141.0,217.0
Brazil,2020-04-19,36599.0,2917.0,2347.0,206.0
Brazil,2020-04-20,38654.0,2055.0,2462.0,115.0
Brazil,2020-04-21,40581.0,1927.0,2575.0,113.0
Brazil,2020-04-22,43079.0,2498.0,2741.0,166.0
Brazil,2020-04-23,45757.0,2678.0,2906.0,165.0
Brazil,2020-04-24,49492.0,3735.0,3313.0,407.0
Brazil,2020-04-25,52995.0,3503.0,3670.0,357.0
Brazil,2020-04-26,58509.0,5514.0,4016.0,346.0
Brazil,2020-04-27,61888.0,3379.0,4205.0,189.0
Brazil,2020-04-28,66501.0,4613.0,4543.0,338.0
Brazil,2020-04-29,71886.0,5385.0,5017.0,474.0
Brazil,2020-04-30,78162.0,6276.0,5466.0,449.0
Brazil,2020-05-01,85380.0,7218.0,5901.0,435.0
Brazil,2020-05-02,91589.0,6209.0,6329.0,428.0
Brazil,2020-05-03,96559.0,4970.0,6750.0,421.0
Brazil,2020-05-04,101147.0,4588.0,7025.0,275.0
Brazil,2020-05-05,107780.0,6633.0,7321.0,296.0
Brazil,2020-05-06,114715.0,6935.0,7921.0,600.0
Brazil,2020-05-07,125218.0,10503.0,8536.0,615.0
Brazil,2020-05-08,135106.0,9888.0,9146.0,610.0
Brazil,2020-05-09,145328.0,10222.0,9897.0,751.0
Brazil,2020-05-10,155939.0,10611.0,10627.0,730.0
Brazil,2020-05-11,162699.0,6760.0,11123.0,496.0
Brazil,2020-05-12,168331.0,5632.0,11519.0,396.0
Brazil,2020-05-13,177589.0,9258.0,12400.0,881.0
Brazil,2020-05-14,188974.0,11385.0,13149.0,749.0
Brazil,2020-05-15,202918.0,13944.0,13993.0,844.0
Brazil,2020-05-16,218223.0,15305.0,14817.0,824.0
Brazil,2020-05-17,233142.0,14919.0,15633.0,816.0
Brazil,2020-05-18,241080.0,7938.0,16118.0,485.0
Brazil,2020-05-19,254220.0,13140.0,16792.0,674.0
Brazil,2020-05-20,271628.0,17408.0,17971.0,1179.0
Brazil,2020-05-21,291579.0,19951.0,18859.0,888.0
Brazil,2020-05-22,310087.0,18508.0,20047.0,1188.0
Brazil,2020-05-23,330890.0,20803.0,21048.0,1001.0
Brazil,2020-05-24,347398.0,16508.0,22013.0,965.0
Brazil,2020-05-25,363211.0,15813.0,22666.0,653.0
Brazil,2020-05-26,374898.0,11687.0,23473.0,807.0
Brazil,2020-05-27,391222.0,16324.0,24512.0,1039.0
Brazil,2020-05-28,411821.0,20599.0,25598.0,1086.0
Brazil,2020-05-29,438238.0,26417.0,26754.0,1156.0
Brazil,2020-05-30,465166.0,26928.0,27878.0,1124.0
Brazil,2020-05-31,498440.0,33274.0,28834.0,956.0
Brazil,2020-06-01,514849.0,16409.0,29314.0,480.0
Brazil,2020-06-02,526447.0,11598.0,29937.0,623.0
Brazil,2020-06-03,555383.0,28936.0,31199.0,1262.0
Brazil,2020-06-04,584016.0,28633.0,32548.0,1349.0
Brazil,2020-06-05,614932.0,30916.0,34021.0,1473.0
Brazil,2020-06-06,645762.0,30830.0,35026.0,1005.0
Brazil,2020-06-07,672837.0,27075.0,35930.0,904.0
Brazil,2020-06-08,691758.0,18921.0,36455.0,525.0
Brazil,2020-06-09,707412.0,15654.0,37134.0,679.0
Brazil,2020-06-10,739503.0,32091.0,38406.0,1272.0
Brazil,2020-06-11,772416.0,32913.0,39680.0,1274.0
Brazil,2020-06-12,802828.0,30412.0,40919.0,1239.0
Brazil,2020-06-13,828810.0,25982.0,41828.0,909.0
Brazil,2020-06-14,850514.0,21704.0,42720.0,892.0
Brazil,2020-06-15,867624.0,17110.0,43332.0,612.0
Brazil,2020-06-16,888271.0,20647.0,43959.0,627.0
Brazil,2020-06-17,923189.0,34918.0,45241.0,1282.0
Brazil,2020-06-18,955377.0,32188.0,46510.0,1269.0
Brazil,2020-06-19,978142.0,22765.0,47748.0,1238.0
Brazil,2020-06-20,1032913.0,54771.0,48954.0,1206.0
Brazil,2020-06-21,1067579.0,34666.0,49976.0,1022.0
Brazil,2020-06-22,1085038.0,17459.0,50617.0,641.0
Brazil,2020-06-23,1106470.0,21432.0,51271.0,654.0
Brazil,2020-06-24,1145906.0,39436.0,52645.0,1374.0
Brazil,2020-06-25,1188631.0,42725.0,53830.0,1185.0
Brazil,2020-06-26,1228114.0,39483.0,54971.0,1141.0
Brazil,2020-06-27,1274974.0,46860.0,55961.0,990.0
Brazil,2020-06-28,1313667.0,38693.0,57070.0,1109.0
Brazil,2020-06-29,1344143.0,30476.0,57622.0,552.0
Brazil,2020-06-30,1368195.0,24052.0,58314.0,692.0
Brazil,2020-07-01,1402041.0,33846.0,59594.0,1280.0
Brazil,2020-07-02,1448753.0,46712.0,60632.0,1038.0
Brazil,2020-07-03,1496858.0,48105.0,61884.0,1252.0
Brazil,2020-07-04,1539081.0,42223.0,63174.0,1290.0
Brazil,2020-07-05,1577004.0,37923.0,64265.0,1091.0
Brazil,2020-07-06,1603055.0,26051.0,64867.0,602.0
Brazil,2020-07-07,1623284.0,20229.0,65487.0,620.0
Brazil,2020-07-08,1668589.0,45305.0,66741.0,1254.0
Brazil,2020-07-09,1713160.0,44571.0,67964.0,1223.0
Brazil,2020-07-10,1755779.0,42619.0,69184.0,1220.0
Brazil,2020-07-11,1800827.0,45048.0,70398.0,1214.0
Brazil,2020-07-12,1839850.0,39023.0,71469.0,1071.0
Brazil,2020-07-13,1864681.0,24831.0,72100.0,631.0
Brazil,2020-07-14,1884967.0,20286.0,72833.0,733.0
Brazil,2020-07-15,1926824.0,41857.0,74133.0,1300.0
Brazil,2020-07-16,1966748.0,39924.0,75366.0,1233.0
Brazil,2020-07-17,2012151.0,45403.0,76688.0,1322.0
Brazil,2020-07-18,2046328.0,34177.0,77851.0,1163.0
Brazil,2020-07-19,2074860.0,28532.0,78772.0,921.0
Brazil,2020-07-20,2098389.0,23529.0,79488.0,716.0
Brazil,2020-07-21,2118646.0,20257.0,80120.0,632.0
Brazil,2020-07-22,2159654.0,41008.0,81487.0,1367.0
Brazil,2020-07-23,2227514.0,67860.0,82771.0,1284.0
Brazil,2020-07-24,2287475.0,59961.0,84082.0,1311.0
Brazil,2020-07-25,2343366.0,55891.0,85238.0,1156.0
Brazil,2020-07-26,2394513.0,51147.0,86449.0,1211.0
Brazil,2020-07-27,2419091.0,24578.0,87004.0,555.0
Colombia,2020-03-05,0.0,0.0,0.0,0.0
Colombia,2020-03-06,0.0,0.0,0.0,0.0
Colombia,2020-03-07,1.0,1.0,0.0,0.0
Colombia,2020-03-08,0.0,0.0,0.0,0.0
Colombia,2020-03-09,0.0,0.0,0.0,0.0
Colombia,2020-03-10,3.0,2.0,0.0,0.0
Colombia,2020-03-11,0.0,0.0,0.0,0.0
Colombia,2020-03-12,9.0,6.0,0.0,0.0
Colombia,2020-03-13,0.0,0.0,0.0,0.0
Colombia,2020-03-14,16.0,7.0,0.0,0.0
Colombia,2020-03-15,34.0,18.0,0.0,0.0
Colombia,2020-03-16,45.0,11.0,0.0,0.0
Colombia,2020-03-17,57.0,12.0,0.0,0.0
Colombia,2020-03-18,65.0,8.0,0.0,0.0
Colombia,2020-03-19,102.0,37.0,0.0,0.0
Colombia,2020-03-20,128.0,26.0,0.0,0.0
Colombia,2020-03-21,158.0,30.0,0.0,0.0
Colombia,2020-03-22,210.0,52.0,1.0,1.0
Colombia,2020-03-23,235.0,25.0,2.0,1.0
Colombia,2020-03-24,306.0,71.0,3.0,1.0
Colombia,2020-03-25,378.0,72.0,3.0,0.0
Colombia,2020-03-26,470.0,92.0,4.0,1.0
Colombia,2020-03-27,491.0,21.0,6.0,2.0
Colombia,2020-03-28,539.0,48.0,6.0,0.0
Colombia,2020-03-29,608.0,69.0,6.0,0.0
Colombia,2020-03-30,702.0,94.0,10.0,4.0
Colombia,2020-03-31,798.0,96.0,14.0,4.0
Colombia,2020-04-01,906.0,108.0,16.0,2.0
Colombia,2020-04-02,1065.0,159.0,17.0,1.0
Colombia,2020-04-03,1161.0,96.0,19.0,2.0
Colombia,2020-04-04,1267.0,106.0,25.0,6.0
Colombia,2020-04-05,1406.0,139.0,32.0,7.0
Colombia,2020-04-06,1485.0,79.0,35.0,3.0
Colombia,2020-04-07,1579.0,94.0,46.0,11.0
Colombia,2020-04-08,1780.0,201.0,50.0,4.0
Colombia,2020-04-09,2054.0,274.0,55.0,5.0
Colombia,2020-04-10,2223.0,169.0,69.0,14.0
Colombia,2020-04-11,2473.0,250.0,80.0,11.0
Colombia,2020-04-12,2709.0,236.0,100.0,20.0
Colombia,2020-04-13,2776.0,67.0,109.0,9.0
Colombia,2020-04-14,2852.0,76.0,112.0,3.0
Colombia,2020-04-15,2979.0,127.0,127.0,15.0
Colombia,2020-04-16,3105.0,126.0,131.0,4.0
Colombia,2020-04-17,3233.0,128.0,144.0,13.0
Colombia,2020-04-18,3439.0,206.0,153.0,9.0
Colombia,2020-04-19,3621.0,182.0,166.0,13.0
Colombia,2020-04-20,3792.0,171.0,179.0,13.0
Colombia,2020-04-21,3977.0,185.0,189.0,10.0
Colombia,2020-04-22,4149.0,172.0,196.0,7.0
Colombia,2020-04-23,4356.0,207.0,206.0,10.0
Colombia,2020-04-24,4561.0,205.0,215.0,9.0
Colombia,2020-04-25,4881.0,320.0,225.0,10.0
Colombia,2020-04-26,5142.0,261.0,233.0,8.0
Colombia,2020-04-27,5379.0,237.0,243.0,10.0
Colombia,2020-04-28,5597.0,218.0,253.0,10.0
Colombia,2020-04-29,5949.0,352.0,269.0,16.0
Colombia,2020-04-30,6211.0,262.0,278.0,9.0
Colombia,2020-05-01,6507.0,296.0,293.0,15.0
Colombia,2020-05-02,7006.0,499.0,314.0,21.0
Colombia,2020-05-03,7285.0,279.0,324.0,10.0
Colombia,2020-05-04,7668.0,383.0,340.0,16.0
Colombia,2020-05-05,7973.0,305.0,358.0,18.0
Colombia,2020-05-06,8613.0,640.0,378.0,20.0
Colombia,2020-05-07,8959.0,346.0,397.0,19.0
Colombia,2020-05-08,9456.0,497.0,407.0,10.0
Colombia,2020-05-09,10051.0,595.0,428.0,21.0
Colombia,2020-05-10,10495.0,444.0,445.0,17.0
Colombia,2020-05-11,11063.0,568.0,463.0,18.0
Colombia,2020-05-12,11613.0,550.0,479.0,16.0
Colombia,2020-05-13,12272.0,659.0,493.0,14.0
Colombia,2020-05-14,12930.0,658.0,509.0,16.0
Colombia,2020-05-15,13610.0,680.0,525.0,16.0
Colombia,2020-05-16,14216.0,606.0,546.0,21.0
Colombia,2020-05-17,14939.0,723.0,562.0,16.0
Colombia,2020-05-18,15574.0,635.0,574.0,12.0
Colombia,2020-05-19,16295.0,721.0,592.0,18.0
Colombia,2020-05-20,16935.0,640.0,613.0,21.0
Colombia,2020-05-21,17687.0,752.0,630.0,17.0
Colombia,2020-05-22,18330.0,643.0,652.0,22.0
Colombia,2020-05-23,19131.0,801.0,682.0,30.0
Colombia,2020-05-24,20177.0,1046.0,705.0,23.0
Colombia,2020-05-25,21175.0,998.0,727.0,22.0
Colombia,2020-05-26,21981.0,806.0,750.0,23.0
Colombia,2020-05-27,23003.0,1022.0,776.0,26.0
Colombia,2020-05-28,24104.0,1101.0,803.0,27.0
Colombia,2020-05-29,25366.0,1262.0,822.0,19.0
Colombia,2020-05-30,26688.0,1322.0,853.0,31.0
Colombia,2020-05-31,28236.0,1548.0,890.0,37.0
Colombia,2020-06-01,29383.0,1147.0,939.0,49.0
Colombia,2020-06-02,30493.0,1110.0,969.0,30.0
Colombia,2020-06-03,31833.0,1340.0,1009.0,40.0
Colombia,2020-06-04,33354.0,1521.0,1045.0,36.0
Colombia,2020-06-05,35120.0,1766.0,1087.0,42.0
Colombia,2020-06-06,36635.0,1515.0,1145.0,58.0
Colombia,2020-06-07,38027.0,1392.0,1205.0,60.0
Colombia,2020-06-08,39236.0,1209.0,1259.0,54.0
Colombia,2020-06-09,40719.0,1483.0,1308.0,49.0
Colombia,2020-06-10,42078.0,1359.0,1372.0,64.0
Colombia,2020-06-11,43682.0,1604.0,1433.0,61.0
Colombia,2020-06-12,43682.0,0.0,1433.0,0.0
Colombia,2020-06-13,46858.0,3176.0,1545.0,112.0
Colombia,2020-06-14,48746.0,1888.0,1592.0,47.0
Colombia,2020-06-15,50939.0,2193.0,1667.0,75.0
Colombia,2020-06-16,53063.0,2124.0,1726.0,59.0
Colombia,2020-06-17,54931.0,1868.0,1801.0,75.0
Colombia,2020-06-18,57046.0,2115.0,1864.0,63.0
Colombia,2020-06-19,60217.0,3171.0,1950.0,86.0
Colombia,2020-06-20,63276.0,3059.0,2045.0,95.0
Colombia,2020-06-21,65633.0,2357.0,2126.0,81.0
Colombia,2020-06-22,68652.0,3019.0,2237.0,111.0
Colombia,2020-06-23,71183.0,2531.0,2310.0,73.0
Colombia,2020-06-24,73572.0,2389.0,2404.0,94.0
Colombia,2020-06-25,77113.0,3541.0,2491.0,87.0
Colombia,2020-06-26,80599.0,3486.0,2654.0,163.0
Colombia,2020-06-27,84442.0,3843.0,2811.0,157.0
Colombia,2020-06-28,88591.0,4149.0,2939.0,128.0
Colombia,2020-06-29,91769.0,3178.0,3106.0,167.0
Colombia,2020-06-30,95043.0,3274.0,3223.0,117.0
Colombia,2020-07-01,97846.0,2803.0,3334.0,111.0
Colombia,2020-07-02,102009.0,4163.0,3470.0,136.0
Colombia,2020-07-03,106110.0,4101.0,3641.0,171.0
Colombia,2020-07-04,109505.0,3395.0,3777.0,136.0
Colombia,2020-07-05,113389.0,3884.0,3942.0,165.0
Colombia,2020-07-06,117110.0,3721.0,4064.0,122.0
Colombia,2020-07-07,120281.0,3171.0,4210.0,146.0
Colombia,2020-07-08,124494.0,4213.0,4359.0,149.0
Colombia,2020-07-09,128638.0,4144.0,4527.0,168.0
Colombia,2020-07-10,133973.0,5335.0,4714.0,187.0
Colombia,2020-07-11,140776.0,6803.0,4925.0,211.0
Colombia,2020-07-12,145362.0,4586.0,5119.0,194.0
Colombia,2020-07-13,150445.0,5083.0,5307.0,188.0
Colombia,2020-07-14,154227.0,3782.0,5455.0,148.0
Colombia,2020-07-15,159898.0,5671.0,5625.0,170.0
Colombia,2020-07-16,165169.0,5271.0,5814.0,189.0
Colombia,2020-07-17,173206.0,8037.0,6029.0,215.0
Colombia,2020-07-18,182140.0,8934.0,6288.0,259.0
Colombia,2020-07-19,190700.0,8560.0,6516.0,228.0
Colombia,2020-07-20,197278.0,6578.0,6736.0,220.0
Colombia,2020-07-21,204005.0,6727.0,6929.0,193.0
Colombia,2020-07-22,211038.0,7033.0,7166.0,237.0
Colombia,2020-07-23,218428.0,7390.0,7373.0,207.0
Colombia,2020-07-24,226373.0,7945.0,7688.0,315.0
Colombia,2020-07-25,233541.0,7168.0,7975.0,287.0
Colombia,2020-07-26,240795.0,7254.0,8269.0,294.0
Colombia,2020-07-27,248976.0,8181.0,8525.0,256.0
India,2019-12-31,0.0,0.0,0.0,0.0
India,2020-01-01,0.0,0.0,0.0,0.0
India,2020-01-02,0.0,0.0,0.0,0.0
India,2020-01-03,0.0,0.0,0.0,0.0
India,2020-01-04,0.0,0.0,0.0,0.0
India,2020-01-05,0.0,0.0,0.0,0.0
India,2020-01-06,0.0,0.0,0.0,0.0
India,2020-01-07,0.0,0.0,0.0,0.0
India,2020-01-08,0.0,0.0,0.0,0.0
India,2020-01-09,0.0,0.0,0.0,0.0
India,2020-01-10,0.0,0.0,0.0,0.0
India,2020-01-11,0.0,0.0,0.0,0.0
India,2020-01-12,0.0,0.0,0.0,0.0
India,2020-01-13,0.0,0.0,0.0,0.0
India,2020-01-14,0.0,0.0,0.0,0.0
India,2020-01-15,0.0,0.0,0.0,0.0
India,2020-01-16,0.0,0.0,0.0,0.0
India,2020-01-17,0.0,0.0,0.0,0.0
India,2020-01-18,0.0,0.0,0.0,0.0
India,2020-01-19,0.0,0.0,0.0,0.0
India,2020-01-20,0.0,0.0,0.0,0.0
India,2020-01-21,0.0,0.0,0.0,0.0
India,2020-01-22,0.0,0.0,0.0,0.0
India,2020-01-23,0.0,0.0,0.0,0.0
India,2020-01-24,0.0,0.0,0.0,0.0
India,2020-01-25,0.0,0.0,0.0,0.0
India,2020-01-26,0.0,0.0,0.0,0.0
India,2020-01-27,0.0,0.0,0.0,0.0
India,2020-01-28,0.0,0.0,0.0,0.0
India,2020-01-29,0.0,0.0,0.0,0.0
India,2020-01-30,1.0,1.0,0.0,0.0
India,2020-01-31,1.0,0.0,0.0,0.0
India,2020-02-01,1.0,0.0,0.0,0.0
India,2020-02-02,2.0,1.0,0.0,0.0
India,2020-02-03,2.0,0.0,0.0,0.0
India,2020-02-04,3.0,1.0,0.0,0.0
India,2020-02-05,3.0,0.0,0.0,0.0
India,2020-02-06,3.0,0.0,0.0,0.0
India,2020-02-07,3.0,0.0,0.0,0.0
India,2020-02-08,3.0,0.0,0.0,0.0
India,2020-02-09,3.0,0.0,0.0,0.0
India,2020-02-10,3.0,0.0,0.0,0.0
India,2020-02-11,3.0,0.0,0.0,0.0
India,2020-02-12,3.0,0.0,0.0,0.0
India,2020-02-13,3.0,0.0,0.0,0.0
India,2020-02-14,3.0,0.0,0.0,0.0
India,2020-02-15,3.0,0.0,0.0,0.0
India,2020-02-16,3.0,0.0,0.0,0.0
India,2020-02-17,3.0,0.0,0.0,0.0
India,2020-02-18,3.0,0.0,0.0,0.0
India,2020-02-19,3.0,0.0,0.0,0.0
India,2020-02-20,3.0,0.0,0.0,0.0
India,2020-02-21,3.0,0.0,0.0,0.0
India,2020-02-22,3.0,0.0,0.0,0.0
India,2020-02-23,3.0,0.0,0.0,0.0
India,2020-02-24,3.0,0.0,0.0,0.0
India,2020-02-25,3.0,0.0,0.0,0.0
India,2020-02-26,3.0,0.0,0.0,0.0
India,2020-02-27,3.0,0.0,0.0,0.0
India,2020-02-28,3.0,0.0,0.0,0.0
India,2020-02-29,3.0,0.0,0.0,0.0
India,2020-03-01,3.0,0.0,0.0,0.0
India,2020-03-02,3.0,0.0,0.0,0.0
India,2020-03-03,5.0,2.0,0.0,0.0
India,2020-03-04,6.0,1.0,0.0,0.0
India,2020-03-05,28.0,22.0,0.0,0.0
India,2020-03-06,29.0,1.0,0.0,0.0
India,2020-03-07,31.0,2.0,0.0,0.0
India,2020-03-08,34.0,3.0,0.0,0.0
India,2020-03-10,44.0,10.0,0.0,0.0
India,2020-03-11,50.0,6.0,0.0,0.0
India,2020-03-12,73.0,23.0,0.0,0.0
India,2020-03-13,75.0,2.0,1.0,1.0
India,2020-03-14,83.0,8.0,2.0,1.0
India,2020-03-15,90.0,7.0,2.0,0.0
India,2020-03-16,93.0,3.0,2.0,0.0
India,2020-03-17,125.0,32.0,3.0,1.0
India,2020-03-18,137.0,12.0,3.0,0.0
India,2020-03-19,165.0,28.0,3.0,0.0
India,2020-03-20,191.0,26.0,4.0,1.0
India,2020-03-21,231.0,40.0,4.0,0.0
India,2020-03-22,320.0,89.0,4.0,0.0
India,2020-03-23,439.0,119.0,7.0,3.0
India,2020-03-24,492.0,53.0,9.0,2.0
India,2020-03-25,562.0,70.0,9.0,0.0
India,2020-03-26,649.0,87.0,13.0,4.0
India,2020-03-27,724.0,75.0,17.0,4.0
India,2020-03-28,873.0,149.0,19.0,2.0
India,2020-03-29,979.0,106.0,25.0,6.0
India,2020-03-30,1071.0,92.0,29.0,4.0
India,2020-03-31,1251.0,180.0,32.0,3.0
India,2020-04-01,1397.0,146.0,35.0,3.0
India,2020-04-02,1965.0,568.0,50.0,15.0
India,2020-04-03,2301.0,336.0,56.0,6.0
India,2020-04-04,2902.0,601.0,68.0,12.0
India,2020-04-05,3374.0,472.0,77.0,9.0
India,2020-04-06,4067.0,693.0,109.0,32.0
India,2020-04-07,4421.0,354.0,114.0,5.0
India,2020-04-08,5194.0,773.0,149.0,35.0
India,2020-04-09,5734.0,540.0,166.0,17.0
India,2020-04-10,6412.0,678.0,199.0,33.0
India,2020-04-11,7447.0,1035.0,239.0,40.0
India,2020-04-12,8356.0,909.0,273.0,34.0
India,2020-04-13,9152.0,796.0,308.0,35.0
India,2020-04-14,10363.0,1211.0,339.0,31.0
India,2020-04-15,11438.0,1075.0,377.0,38.0
India,2020-04-16,12380.0,942.0,414.0,37.0
India,2020-04-17,13387.0,1007.0,437.0,23.0
India,2020-04-18,14378.0,991.0,480.0,43.0
India,2020-04-19,15712.0,1334.0,507.0,27.0
India,2020-04-20,17265.0,1553.0,543.0,36.0
India,2020-04-21,18600.0,1335.0,590.0,47.0
India,2020-04-22,19984.0,1384.0,640.0,50.0
India,2020-04-23,21393.0,1409.0,681.0,41.0
India,2020-04-24,23077.0,1684.0,718.0,37.0
India,2020-04-25,24506.0,1429.0,775.0,57.0
India,2020-04-26,26496.0,1990.0,824.0,49.0
India,2020-04-27,27892.0,1396.0,872.0,48.0
India,2020-04-28,29435.0,1543.0,934.0,62.0
India,2020-04-29,31332.0,1897.0,1007.0,73.0
India,2020-04-30,33050.0,1718.0,1074.0,67.0
India,2020-05-01,35043.0,1993.0,1147.0,73.0
India,2020-05-02,37336.0,2293.0,1218.0,71.0
India,2020-05-03,39980.0,2644.0,1301.0,83.0
India,2020-05-04,42533.0,2553.0,1373.0,72.0
India,2020-05-05,46433.0,3900.0,1568.0,195.0
India,2020-05-06,49391.0,2958.0,1694.0,126.0
India,2020-05-07,52952.0,3561.0,1783.0,89.0
India,2020-05-08,56342.0,3390.0,1886.0,103.0
India,2020-05-09,59662.0,3320.0,1981.0,95.0
India,2020-05-10,62939.0,3277.0,2109.0,128.0
India,2020-05-11,67152.0,4213.0,2206.0,97.0
India,2020-05-12,70756.0,3604.0,2293.0,87.0
India,2020-05-13,74281.0,3525.0,2415.0,122.0
India,2020-05-14,78003.0,3722.0,2549.0,134.0
India,2020-05-15,81970.0,3967.0,2649.0,100.0
India,2020-05-16,85940.0,3970.0,2752.0,103.0
India,2020-05-17,90927.0,4987.0,2872.0,120.0
India,2020-05-18,96169.0,5242.0,3029.0,157.0
India,2020-05-19,101139.0,4970.0,3163.0,134.0
India,2020-05-20,106750.0,5611.0,3303.0,140.0
India,2020-05-21,112359.0,5609.0,3435.0,132.0
India,2020-05-22,118447.0,6088.0,3583.0,148.0
India,2020-05-23,125101.0,6654.0,3720.0,137.0
India,2020-05-24,131868.0,6767.0,3867.0,147.0
India,2020-05-25,138845.0,6977.0,4021.0,154.0
India,2020-05-26,145380.0,6535.0,4167.0,146.0
India,2020-05-27,151767.0,6387.0,4337.0,170.0
India,2020-05-28,158333.0,6566.0,4531.0,194.0
India,2020-05-29,165799.0,7466.0,4706.0,175.0
India,2020-05-30,173763.0,7964.0,4971.0,265.0
India,2020-05-31,182143.0,8380.0,5164.0,193.0
India,2020-06-01,190535.0,8392.0,5394.0,230.0
India,2020-06-02,198706.0,8171.0,5598.0,204.0
India,2020-06-03,207615.0,8909.0,5815.0,217.0
India,2020-06-04,216919.0,9304.0,6075.0,260.0
India,2020-06-05,226770.0,9851.0,6348.0,273.0
India,2020-06-06,236657.0,9887.0,6642.0,294.0
India,2020-06-07,246628.0,9971.0,6929.0,287.0
India,2020-06-08,256611.0,9983.0,7135.0,206.0
India,2020-06-09,266598.0,9987.0,7466.0,331.0
India,2020-06-10,276583.0,9985.0,7745.0,279.0
India,2020-06-11,286579.0,9996.0,8102.0,357.0
India,2020-06-12,297535.0,10956.0,8498.0,396.0
India,2020-06-13,308993.0,11458.0,8884.0,386.0
India,2020-06-14,320922.0,11929.0,9195.0,311.0
India,2020-06-15,332424.0,11502.0,9520.0,325.0
India,2020-06-16,343091.0,10667.0,9900.0,380.0
India,2020-06-17,354065.0,10974.0,11903.0,2003.0
India,2020-06-18,366946.0,12881.0,12237.0,334.0
India,2020-06-19,380532.0,13586.0,12573.0,336.0
India,2020-06-20,395048.0,14516.0,12948.0,375.0
India,2020-06-21,410461.0,15413.0,13254.0,306.0
India,2020-06-22,425282.0,14821.0,13699.0,445.0
India,2020-06-23,440215.0,14933.0,14011.0,312.0
India,2020-06-24,456183.0,15968.0,14476.0,465.0
India,2020-06-25,473105.0,16922.0,14894.0,418.0
India,2020-06-26,490401.0,17296.0,15301.0,407.0
India,2020-06-27,508953.0,18552.0,15685.0,384.0
India,2020-06-28,528859.0,19906.0,16095.0,410.0
India,2020-06-29,548318.0,19459.0,16475.0,380.0
India,2020-06-30,566840.0,18522.0,16893.0,418.0
India,2020-07-01,585493.0,18653.0,17400.0,507.0
India,2020-07-02,604641.0,19148.0,17834.0,434.0
India,2020-07-03,625544.0,20903.0,18213.0,379.0
India,2020-07-04,648315.0,22771.0,18655.0,442.0
India,2020-07-05,673165.0,24850.0,19268.0,613.0
India,2020-07-06,697413.0,24248.0,19693.0,425.0
India,2020-07-07,719665.0,22252.0,20160.0,467.0
India,2020-07-08,742417.0,22752.0,20642.0,482.0
India,2020-07-09,767296.0,24879.0,21129.0,487.0
India,2020-07-10,793802.0,26506.0,21604.0,475.0
India,2020-07-11,820916.0,27114.0,22123.0,519.0
India,2020-07-12,849553.0,28637.0,22674.0,551.0
India,2020-07-13,878254.0,28701.0,23174.0,500.0
India,2020-07-14,906752.0,28498.0,23727.0,553.0
India,2020-07-15,936181.0,29429.0,24309.0,582.0
India,2020-07-16,968876.0,32695.0,24915.0,606.0
India,2020-07-17,1003832.0,34956.0,25602.0,687.0
India,2020-07-18,1038716.0,34884.0,26273.0,671.0
India,2020-07-19,1077618.0,38902.0,26816.0,543.0
India,2020-07-20,1118043.0,40425.0,27497.0,681.0
India,2020-07-21,1155191.0,37148.0,28084.0,587.0
India,2020-07-22,1192915.0,37724.0,28732.0,648.0
India,2020-07-23,1238635.0,45720.0,29861.0,1129.0
India,2020-07-24,1287945.0,49310.0,30601.0,740.0
India,2020-07-25,1336861.0,48916.0,31358.0,757.0
India,2020-07-26,1385522.0,48661.0,32063.0,705.0
India,2020-07-27,1435453.0,49931.0,32771.0,708.0
Iran,2019-12-31,0.0,0.0,0.0,0.0
Iran,2020-01-01,0.0,0.0,0.0,0.0
Iran,2020-01-02,0.0,0.0,0.0,0.0
Iran,2020-01-03,0.0,0.0,0.0,0.0
Iran,2020-01-04,0.0,0.0,0.0,0.0
Iran,2020-01-05,0.0,0.0,0.0,0.0
Iran,2020-01-06,0.0,0.0,0.0,0.0
Iran,2020-01-07,0.0,0.0,0.0,0.0
Iran,2020-01-08,0.0,0.0,0.0,0.0
Iran,2020-01-09,0.0,0.0,0.0,0.0
Iran,2020-01-10,0.0,0.0,0.0,0.0
Iran,2020-01-11,0.0,0.0,0.0,0.0
Iran,2020-01-12,0.0,0.0,0.0,0.0
Iran,2020-01-13,0.0,0.0,0.0,0.0
Iran,2020-01-14,0.0,0.0,0.0,0.0
Iran,2020-01-15,0.0,0.0,0.0,0.0
Iran,2020-01-16,0.0,0.0,0.0,0.0
Iran,2020-01-17,0.0,0.0,0.0,0.0
Iran,2020-01-18,0.0,0.0,0.0,0.0
Iran,2020-01-19,0.0,0.0,0.0,0.0
Iran,2020-01-20,0.0,0.0,0.0,0.0
Iran,2020-01-21,0.0,0.0,0.0,0.0
Iran,2020-01-22,0.0,0.0,0.0,0.0
Iran,2020-01-23,0.0,0.0,0.0,0.0
Iran,2020-01-24,0.0,0.0,0.0,0.0
Iran,2020-01-25,0.0,0.0,0.0,0.0
Iran,2020-01-26,0.0,0.0,0.0,0.0
Iran,2020-01-27,0.0,0.0,0.0,0.0
Iran,2020-01-28,0.0,0.0,0.0,0.0
Iran,2020-01-29,0.0,0.0,0.0,0.0
Iran,2020-01-30,0.0,0.0,0.0,0.0
Iran,2020-01-31,0.0,0.0,0.0,0.0
Iran,2020-02-01,0.0,0.0,0.0,0.0
Iran,2020-02-02,0.0,0.0,0.0,0.0
Iran,2020-02-03,0.0,0.0,0.0,0.0
Iran,2020-02-04,0.0,0.0,0.0,0.0
Iran,2020-02-05,0.0,0.0,0.0,0.0
Iran,2020-02-06,0.0,0.0,0.0,0.0
Iran,2020-02-07,0.0,0.0,0.0,0.0
Iran,2020-02-08,0.0,0.0,0.0,0.0
Iran,2020-02-09,0.0,0.0,0.0,0.0
Iran,2020-02-10,0.0,0.0,0.0,0.0
Iran,2020-02-11,0.0,0.0,0.0,0.0
Iran,2020-02-12,0.0,0.0,0.0,0.0
Iran,2020-02-13,0.0,0.0,0.0,0.0
Iran,2020-02-14,0.0,0.0,0.0,0.0
Iran,2020-02-15,0.0,0.0,0.0,0.0
Iran,2020-02-16,0.0,0.0,0.0,0.0
Iran,2020-02-17,0.0,0.0,0.0,0.0
Iran,2020-02-18,0.0,0.0,0.0,0.0
Iran,2020-02-19,0.0,0.0,0.0,0.0
Iran,2020-02-20,2.0,2.0,2.0,2.0
Iran,2020-02-21,5.0,3.0,2.0,0.0
Iran,2020-02-22,18.0,13.0,4.0,2.0
Iran,2020-02-23,28.0,10.0,5.0,1.0
Iran,2020-02-24,43.0,15.0,8.0,3.0
Iran,2020-02-25,61.0,18.0,12.0,4.0
Iran,2020-02-26,95.0,34.0,15.0,3.0
Iran,2020-02-27,139.0,44.0,19.0,4.0
Iran,2020-02-28,245.0,106.0,26.0,7.0
Iran,2020-02-29,388.0,143.0,34.0,8.0
Iran,2020-03-01,593.0,205.0,43.0,9.0
Iran,2020-03-02,978.0,385.0,54.0,11.0
Iran,2020-03-03,1501.0,523.0,66.0,12.0
Iran,2020-03-04,2336.0,835.0,77.0,11.0
Iran,2020-03-05,2922.0,586.0,92.0,15.0
Iran,2020-03-06,3513.0,591.0,107.0,15.0
Iran,2020-03-07,4747.0,1234.0,124.0,17.0
Iran,2020-03-08,5823.0,1076.0,145.0,21.0
Iran,2020-03-09,6566.0,743.0,194.0,49.0
Iran,2020-03-10,7161.0,595.0,237.0,43.0
Iran,2020-03-11,8042.0,881.0,291.0,54.0
Iran,2020-03-12,9000.0,958.0,354.0,63.0
Iran,2020-03-13,10075.0,1075.0,429.0,75.0
Iran,2020-03-14,11364.0,1289.0,514.0,85.0
Iran,2020-03-15,12729.0,1365.0,611.0,97.0
Iran,2020-03-16,13938.0,1209.0,724.0,113.0
Iran,2020-03-17,14991.0,1053.0,853.0,129.0
Iran,2020-03-18,16169.0,1178.0,988.0,135.0
Iran,2020-03-19,17361.0,1192.0,1135.0,147.0
Iran,2020-03-20,18407.0,1046.0,1284.0,149.0
Iran,2020-03-21,19644.0,1237.0,1433.0,149.0
Iran,2020-03-22,20610.0,966.0,1556.0,123.0
Iran,2020-03-23,21638.0,1028.0,1685.0,129.0
Iran,2020-03-24,23049.0,1411.0,1812.0,127.0
Iran,2020-03-25,24811.0,1762.0,1934.0,122.0
Iran,2020-03-26,27017.0,2206.0,2077.0,143.0
Iran,2020-03-27,29406.0,2389.0,2234.0,157.0
Iran,2020-03-28,32332.0,2926.0,2378.0,144.0
Iran,2020-03-29,35408.0,3076.0,2517.0,139.0
Iran,2020-03-30,38309.0,2901.0,2640.0,123.0
Iran,2020-03-31,41495.0,3186.0,2757.0,117.0
Iran,2020-04-01,44606.0,3111.0,2898.0,141.0
Iran,2020-04-02,47593.0,2987.0,3036.0,138.0
Iran,2020-04-03,50468.0,2875.0,3160.0,124.0
Iran,2020-04-04,50468.0,0.0,3160.0,0.0
Iran,2020-04-05,55743.0,5275.0,3452.0,292.0
Iran,2020-04-06,58226.0,2483.0,3603.0,151.0
Iran,2020-04-07,60500.0,2274.0,3739.0,136.0
Iran,2020-04-08,62589.0,2089.0,3872.0,133.0
Iran,2020-04-09,64586.0,1997.0,3993.0,121.0
Iran,2020-04-10,66220.0,1634.0,4110.0,117.0
Iran,2020-04-11,68192.0,1972.0,4232.0,122.0
Iran,2020-04-12,70029.0,1837.0,4357.0,125.0
Iran,2020-04-13,71686.0,1657.0,4474.0,117.0
Iran,2020-04-14,73303.0,1617.0,4585.0,111.0
Iran,2020-04-15,74877.0,1574.0,4683.0,98.0
Iran,2020-04-16,76389.0,1512.0,4777.0,94.0
Iran,2020-04-17,77995.0,1606.0,4869.0,92.0
Iran,2020-04-18,79494.0,1499.0,4958.0,89.0
Iran,2020-04-19,80868.0,1374.0,5031.0,73.0
Iran,2020-04-20,82211.0,1343.0,5118.0,87.0
Iran,2020-04-21,83505.0,1294.0,5209.0,91.0
Iran,2020-04-22,84802.0,1297.0,5297.0,88.0
Iran,2020-04-23,85996.0,1194.0,5391.0,94.0
Iran,2020-04-24,87026.0,1030.0,5481.0,90.0
Iran,2020-04-25,88194.0,1168.0,5574.0,93.0
Iran,2020-04-26,89328.0,1134.0,5650.0,76.0
Iran,2020-04-27,90481.0,1153.0,5710.0,60.0
Iran,2020-04-28,91472.0,991.0,5806.0,96.0
Iran,2020-04-29,92584.0,1112.0,5877.0,71.0
Iran,2020-04-30,93657.0,1073.0,5957.0,80.0
Iran,2020-05-01,94640.0,983.0,6028.0,71.0
Iran,2020-05-02,95646.0,1006.0,6091.0,63.0
Iran,2020-05-03,96448.0,802.0,6156.0,65.0
Iran,2020-05-04,97424.0,976.0,6203.0,47.0
Iran,2020-05-05,98647.0,1223.0,6277.0,74.0
Iran,2020-05-06,99970.0,1323.0,6340.0,63.0
Iran,2020-05-07,101650.0,1680.0,6418.0,78.0
Iran,2020-05-08,103135.0,1485.0,6486.0,68.0
Iran,2020-05-09,104691.0,1556.0,6541.0,55.0
Iran,2020-05-10,106220.0,1529.0,6589.0,48.0
Iran,2020-05-11,107603.0,1383.0,6640.0,51.0
Iran,2020-05-12,109286.0,1683.0,6685.0,45.0
Iran,2020-05-13,110767.0,1481.0,6733.0,48.0
Iran,2020-05-14,112725.0,1958.0,6783.0,50.0
Iran,2020-05-15,114533.0,1808.0,6854.0,71.0
Iran,2020-05-16,116635.0,2102.0,6902.0,48.0
Iran,2020-05-17,118392.0,1757.0,6937.0,35.0
Iran,2020-05-18,120198.0,1806.0,6988.0,51.0
Iran,2020-05-19,122492.0,2294.0,7057.0,69.0
Iran,2020-05-20,124603.0,2111.0,7119.0,62.0
Iran,2020-05-21,126949.0,2346.0,7183.0,64.0
Iran,2020-05-22,129341.0,2392.0,7249.0,66.0
Iran,2020-05-23,131652.0,2311.0,7300.0,51.0
Iran,2020-05-24,133521.0,1869.0,7359.0,59.0
Iran,2020-05-25,135701.0,2180.0,7417.0,58.0
Iran,2020-05-26,137724.0,2023.0,7451.0,34.0
Iran,2020-05-27,139511.0,1787.0,7508.0,57.0
Iran,2020-05-28,141591.0,2080.0,7564.0,56.0
Iran,2020-05-29,143849.0,2258.0,7627.0,63.0
Iran,2020-05-30,146668.0,2819.0,7677.0,50.0
Iran,2020-05-31,148950.0,2282.0,7734.0,57.0
Iran,2020-06-01,151466.0,2516.0,7797.0,63.0
Iran,2020-06-02,154445.0,2979.0,7878.0,81.0
Iran,2020-06-03,157562.0,3117.0,7942.0,64.0
Iran,2020-06-04,160696.0,3134.0,8012.0,70.0
Iran,2020-06-05,164270.0,3574.0,8071.0,59.0
Iran,2020-06-06,167156.0,2886.0,8134.0,63.0
Iran,2020-06-07,169425.0,2269.0,8209.0,75.0
Iran,2020-06-08,171789.0,2364.0,8281.0,72.0
Iran,2020-06-09,173832.0,2043.0,8351.0,70.0
Iran,2020-06-10,175927.0,2095.0,8425.0,74.0
Iran,2020-06-11,177938.0,2011.0,8506.0,81.0
Iran,2020-06-12,180176.0,2238.0,8584.0,78.0
Iran,2020-06-13,182545.0,2369.0,8659.0,75.0
Iran,2020-06-14,184955.0,2410.0,8730.0,71.0
Iran,2020-06-15,187427.0,2472.0,8837.0,107.0
Iran,2020-06-16,189876.0,2449.0,8950.0,113.0
Iran,2020-06-17,192439.0,2563.0,9065.0,115.0
Iran,2020-06-18,195051.0,2612.0,9185.0,120.0
Iran,2020-06-19,197647.0,2596.0,9272.0,87.0
Iran,2020-06-20,200262.0,2615.0,9392.0,120.0
Iran,2020-06-21,202584.0,2322.0,9507.0,115.0
Iran,2020-06-22,204952.0,2368.0,9623.0,116.0
Iran,2020-06-23,207525.0,2573.0,9742.0,119.0
Iran,2020-06-24,209970.0,2445.0,9863.0,121.0
Iran,2020-06-25,212501.0,2531.0,9996.0,133.0
Iran,2020-06-26,215096.0,2595.0,10130.0,134.0
Iran,2020-06-27,217724.0,2628.0,10130.0,0.0
Iran,2020-06-28,220180.0,2456.0,10364.0,234.0
Iran,2020-06-29,222669.0,2489.0,10508.0,144.0
Iran,2020-06-30,225205.0,2536.0,10670.0,162.0
Iran,2020-07-01,227662.0,2457.0,10817.0,147.0
Iran,2020-07-02,230211.0,2549.0,10958.0,141.0
Iran,2020-07-03,232863.0,2652.0,11106.0,148.0
Iran,2020-07-04,235429.0,2566.0,11260.0,154.0
Iran,2020-07-05,237878.0,2449.0,11408.0,148.0
Iran,2020-07-06,240438.0,2560.0,11571.0,163.0
Iran,2020-07-07,243051.0,2613.0,11731.0,160.0
Iran,2020-07-08,245688.0,2637.0,11931.0,200.0
Iran,2020-07-09,248379.0,2691.0,12084.0,153.0
Iran,2020-07-10,250458.0,2079.0,12305.0,221.0
Iran,2020-07-11,252720.0,2262.0,12447.0,142.0
Iran,2020-07-12,255117.0,2397.0,12635.0,188.0
Iran,2020-07-13,257303.0,2186.0,12829.0,194.0
Iran,2020-07-14,259652.0,2349.0,13032.0,203.0
Iran,2020-07-15,262173.0,2521.0,13211.0,179.0
Iran,2020-07-16,264561.0,2388.0,13410.0,199.0
Iran,2020-07-17,267061.0,2500.0,13608.0,198.0
Iran,2020-07-18,269440.0,2379.0,13791.0,183.0
Iran,2020-07-19,271606.0,2166.0,13979.0,188.0
Iran,2020-07-20,273788.0,2182.0,14188.0,209.0
Iran,2020-07-21,276202.0,2414.0,14405.0,217.0
Iran,2020-07-22,278827.0,2625.0,14634.0,229.0
Iran,2020-07-23,281413.0,2586.0,14853.0,219.0
Iran,2020-07-24,284034.0,2621.0,15074.0,221.0
Iran,2020-07-25,284034.0,0.0,15074.0,0.0
Iran,2020-07-26,284034.0,0.0,15074.0,0.0
Iran,2020-07-27,291172.0,7138.0,15700.0,626.0
Mexico,2019-12-31,0.0,0.0,0.0,0.0
Mexico,2020-01-01,0.0,0.0,0.0,0.0
Mexico,2020-01-02,0.0,0.0,0.0,0.0
Mexico,2020-01-03,0.0,0.0,0.0,0.0
Mexico,2020-01-04,0.0,0.0,0.0,0.0
Mexico,2020-01-05,0.0,0.0,0.0,0.0
Mexico,2020-01-06,0.0,0.0,0.0,0.0
Mexico,2020-01-07,0.0,0.0,0.0,0.0
Mexico,2020-01-08,0.0,0.0,0.0,0.0
Mexico,2020-01-09,0.0,0.0,0.0,0.0
Mexico,2020-01-10,0.0,0.0,0.0,0.0
Mexico,2020-01-11,0.0,0.0,0.0,0.0
Mexico,2020-01-12,0.0,0.0,0.0,0.0
Mexico,2020-01-13,0.0,0.0,0.0,0.0
Mexico,2020-01-14,0.0,0.0,0.0,0.0
Mexico,2020-01-15,0.0,0.0,0.0,0.0
Mexico,2020-01-16,0.0,0.0,0.0,0.0
Mexico,2020-01-17,0.0,0.0,0.0,0.0
Mexico,2020-01-18,0.0,0.0,0.0,0.0
Mexico,2020-01-19,0.0,0.0,0.0,0.0
Mexico,2020-01-20,0.0,0.0,0.0,0.0
Mexico,2020-01-21,0.0,0.0,0.0,0.0
Mexico,2020-01-22,0.0,0.0,0.0,0.0
Mexico,2020-01-23,0.0,0.0,0.0,0.0
Mexico,2020-01-24,0.0,0.0,0.0,0.0
Mexico,2020-01-25,0.0,0.0,0.0,0.0
Mexico,2020-01-26,0.0,0.0,0.0,0.0
Mexico,2020-01-27,0.0,0.0,0.0,0.0
Mexico,2020-01-28,0.0,0.0,0.0,0.0
Mexico,2020-01-29,0.0,0.0,0.0,0.0
Mexico,2020-01-30,0.0,0.0,0.0,0.0
Mexico,2020-01-31,0.0,0.0,0.0,0.0
Mexico,2020-02-01,0.0,0.0,0.0,0.0
Mexico,2020-02-02,0.0,0.0,0.0,0.0
Mexico,2020-02-03,0.0,0.0,0.0,0.0
Mexico,2020-02-04,0.0,0.0,0.0,0.0
Mexico,2020-02-05,0.0,0.0,0.0,0.0
Mexico,2020-02-06,0.0,0.0,0.0,0.0
Mexico,2020-02-07,0.0,0.0,0.0,0.0
Mexico,2020-02-08,0.0,0.0,0.0,0.0
Mexico,2020-02-09,0.0,0.0,0.0,0.0
Mexico,2020-02-10,0.0,0.0,0.0,0.0
Mexico,2020-02-11,0.0,0.0,0.0,0.0
Mexico,2020-02-12,0.0,0.0,0.0,0.0
Mexico,2020-02-13,0.0,0.0,0.0,0.0
Mexico,2020-02-14,0.0,0.0,0.0,0.0
Mexico,2020-02-15,0.0,0.0,0.0,0.0
Mexico,2020-02-16,0.0,0.0,0.0,0.0
Mexico,2020-02-17,0.0,0.0,0.0,0.0
Mexico,2020-02-18,0.0,0.0,0.0,0.0
Mexico,2020-02-19,0.0,0.0,0.0,0.0
Mexico,2020-02-20,0.0,0.0,0.0,0.0
Mexico,2020-02-21,0.0,0.0,0.0,0.0
Mexico,2020-02-22,0.0,0.0,0.0,0.0
Mexico,2020-02-23,0.0,0.0,0.0,0.0
Mexico,2020-02-24,0.0,0.0,0.0,0.0
Mexico,2020-02-25,0.0,0.0,0.0,0.0
Mexico,2020-02-26,0.0,0.0,0.0,0.0
Mexico,2020-02-27,0.0,0.0,0.0,0.0
Mexico,2020-02-28,0.0,0.0,0.0,0.0
Mexico,2020-02-29,2.0,2.0,0.0,0.0
Mexico,2020-03-01,4.0,2.0,0.0,0.0
Mexico,2020-03-02,5.0,1.0,0.0,0.0
Mexico,2020-03-03,0.0,0.0,0.0,0.0
Mexico,2020-03-04,0.0,0.0,0.0,0.0
Mexico,2020-03-05,0.0,0.0,0.0,0.0
Mexico,2020-03-06,0.0,0.0,0.0,0.0
Mexico,2020-03-07,0.0,0.0,0.0,0.0
Mexico,2020-03-08,0.0,0.0,0.0,0.0
Mexico,2020-03-09,7.0,2.0,0.0,0.0
Mexico,2020-03-10,0.0,0.0,0.0,0.0
Mexico,2020-03-11,0.0,0.0,0.0,0.0
Mexico,2020-03-12,11.0,4.0,0.0,0.0
Mexico,2020-03-13,16.0,5.0,0.0,0.0
Mexico,2020-03-14,26.0,10.0,0.0,0.0
Mexico,2020-03-15,41.0,15.0,0.0,0.0
Mexico,2020-03-16,53.0,12.0,0.0,0.0
Mexico,2020-03-17,82.0,29.0,0.0,0.0
Mexico,2020-03-18,93.0,11.0,0.0,0.0
Mexico,2020-03-19,118.0,25.0,0.0,0.0
Mexico,2020-03-20,164.0,46.0,0.0,0.0
Mexico,2020-03-21,203.0,39.0,2.0,2.0
Mexico,2020-03-22,251.0,48.0,2.0,0.0
Mexico,2020-03-23,316.0,65.0,2.0,0.0
Mexico,2020-03-24,367.0,51.0,4.0,2.0
Mexico,2020-03-25,405.0,38.0,5.0,1.0
Mexico,2020-03-26,475.0,70.0,5.0,0.0
Mexico,2020-03-27,585.0,110.0,8.0,3.0
Mexico,2020-03-28,717.0,132.0,12.0,4.0
Mexico,2020-03-29,848.0,131.0,16.0,4.0
Mexico,2020-03-30,993.0,145.0,20.0,4.0
Mexico,2020-03-31,1094.0,101.0,28.0,8.0
Mexico,2020-04-01,1215.0,121.0,29.0,1.0
Mexico,2020-04-02,1378.0,163.0,37.0,8.0
Mexico,2020-04-03,1510.0,132.0,50.0,13.0
Mexico,2020-04-04,1688.0,178.0,60.0,10.0
Mexico,2020-04-05,1890.0,202.0,79.0,19.0
Mexico,2020-04-06,2143.0,253.0,94.0,15.0
Mexico,2020-04-07,2439.0,296.0,125.0,31.0
Mexico,2020-04-08,2785.0,346.0,141.0,16.0
Mexico,2020-04-09,3181.0,396.0,174.0,33.0
Mexico,2020-04-10,3441.0,260.0,194.0,20.0
Mexico,2020-04-11,3844.0,403.0,233.0,39.0
Mexico,2020-04-12,4219.0,375.0,273.0,40.0
Mexico,2020-04-13,4661.0,442.0,296.0,23.0
Mexico,2020-04-14,5014.0,353.0,332.0,36.0
Mexico,2020-04-15,5399.0,385.0,406.0,74.0
Mexico,2020-04-16,5847.0,448.0,449.0,43.0
Mexico,2020-04-17,6297.0,450.0,486.0,37.0
Mexico,2020-04-18,6875.0,578.0,546.0,60.0
Mexico,2020-04-19,7497.0,622.0,650.0,104.0
Mexico,2020-04-20,8261.0,764.0,686.0,36.0
Mexico,2020-04-21,8772.0,511.0,712.0,26.0
Mexico,2020-04-22,9501.0,729.0,857.0,145.0
Mexico,2020-04-23,10544.0,1043.0,970.0,113.0
Mexico,2020-04-24,11633.0,1089.0,1069.0,99.0
Mexico,2020-04-25,12872.0,1239.0,1221.0,152.0
Mexico,2020-04-26,13842.0,970.0,1305.0,84.0
Mexico,2020-04-27,14677.0,835.0,1351.0,46.0
Mexico,2020-04-28,15529.0,852.0,1434.0,83.0
Mexico,2020-04-29,16752.0,1223.0,1569.0,135.0
Mexico,2020-04-30,17799.0,1047.0,1732.0,163.0
Mexico,2020-05-01,19224.0,1425.0,1859.0,127.0
Mexico,2020-05-02,20739.0,1515.0,1972.0,113.0
Mexico,2020-05-03,22088.0,1349.0,2061.0,89.0
Mexico,2020-05-04,23471.0,1383.0,2154.0,93.0
Mexico,2020-05-05,24905.0,1434.0,2271.0,117.0
Mexico,2020-05-06,26025.0,1120.0,2507.0,236.0
Mexico,2020-05-07,27634.0,1609.0,2704.0,197.0
Mexico,2020-05-08,29616.0,1982.0,2961.0,257.0
Mexico,2020-05-09,31522.0,1906.0,3160.0,199.0
Mexico,2020-05-10,33460.0,1938.0,3353.0,193.0
Mexico,2020-05-11,35022.0,1562.0,3465.0,112.0
Mexico,2020-05-12,36327.0,1305.0,3573.0,108.0
Mexico,2020-05-13,38324.0,1997.0,3926.0,353.0
Mexico,2020-05-14,40186.0,1862.0,4220.0,294.0
Mexico,2020-05-15,42595.0,2409.0,4477.0,257.0
Mexico,2020-05-16,45032.0,2437.0,4767.0,290.0
Mexico,2020-05-17,47144.0,2112.0,5045.0,278.0
Mexico,2020-05-18,49219.0,2075.0,5177.0,132.0
Mexico,2020-05-19,51633.0,2414.0,5332.0,155.0
Mexico,2020-05-20,54346.0,2713.0,5666.0,334.0
Mexico,2020-05-21,56594.0,2248.0,6090.0,424.0
Mexico,2020-05-22,59567.0,2973.0,6510.0,420.0
Mexico,2020-05-23,62527.0,2960.0,6989.0,479.0
Mexico,2020-05-24,65856.0,3329.0,7179.0,190.0
Mexico,2020-05-25,68620.0,2764.0,7394.0,215.0
Mexico,2020-05-26,71105.0,2485.0,7633.0,239.0
Mexico,2020-05-27,74560.0,3455.0,8134.0,501.0
Mexico,2020-05-28,78023.0,3463.0,8597.0,463.0
Mexico,2020-05-29,81400.0,3377.0,9044.0,447.0
Mexico,2020-05-30,84627.0,3227.0,9415.0,371.0
Mexico,2020-05-31,87512.0,2885.0,9779.0,364.0
Mexico,2020-06-01,90664.0,3152.0,9930.0,151.0
Mexico,2020-06-02,93435.0,2771.0,10167.0,237.0
Mexico,2020-06-03,97326.0,3891.0,10637.0,470.0
Mexico,2020-06-04,101238.0,3912.0,11728.0,1091.0
Mexico,2020-06-05,105680.0,4442.0,12545.0,817.0
Mexico,2020-06-06,110026.0,4346.0,13170.0,625.0
Mexico,2020-06-07,113619.0,3593.0,13511.0,341.0
Mexico,2020-06-08,117103.0,3484.0,13699.0,188.0
Mexico,2020-06-09,120102.0,2999.0,14053.0,354.0
Mexico,2020-06-10,124301.0,4199.0,14649.0,596.0
Mexico,2020-06-11,129184.0,4883.0,15357.0,708.0
Mexico,2020-06-12,133974.0,4790.0,15944.0,587.0
Mexico,2020-06-13,139196.0,5222.0,16448.0,504.0
Mexico,2020-06-14,142690.0,3494.0,16872.0,424.0
Mexico,2020-06-15,146837.0,4147.0,17141.0,269.0
Mexico,2020-06-16,150264.0,3427.0,17580.0,439.0
Mexico,2020-06-17,154863.0,4599.0,18310.0,730.0
Mexico,2020-06-18,159793.0,4930.0,19080.0,770.0
Mexico,2020-06-19,165455.0,5662.0,19747.0,667.0
Mexico,2020-06-20,170485.0,5030.0,20394.0,647.0
Mexico,2020-06-21,175202.0,4717.0,20781.0,387.0
Mexico,2020-06-22,180545.0,5343.0,21825.0,1044.0
Mexico,2020-06-23,185122.0,4577.0,22584.0,759.0
Mexico,2020-06-24,191410.0,6288.0,23377.0,793.0
Mexico,2020-06-25,196847.0,5437.0,24342.0,965.0
Mexico,2020-06-26,202951.0,6104.0,25060.0,718.0
Mexico,2020-06-27,208392.0,5441.0,25779.0,719.0
Mexico,2020-06-28,212802.0,4410.0,26381.0,602.0
Mexico,2020-06-29,216852.0,4050.0,26648.0,267.0
Mexico,2020-06-30,220657.0,3805.0,27121.0,473.0
Mexico,2020-07-01,226089.0,5432.0,27769.0,648.0
Mexico,2020-07-02,231770.0,5681.0,28510.0,741.0
Mexico,2020-07-03,238511.0,6741.0,29189.0,679.0
Mexico,2020-07-04,245251.0,6740.0,29843.0,654.0
Mexico,2020-07-05,252165.0,6914.0,30366.0,523.0
Mexico,2020-07-06,256848.0,4683.0,30639.0,273.0
Mexico,2020-07-07,261750.0,4902.0,31119.0,480.0
Mexico,2020-07-08,268008.0,6258.0,32014.0,895.0
Mexico,2020-07-09,275003.0,6995.0,32796.0,782.0
Mexico,2020-07-10,282283.0,7280.0,33526.0,730.0
Mexico,2020-07-11,289174.0,6891.0,34191.0,665.0
Mexico,2020-07-12,295268.0,6094.0,34730.0,539.0
Mexico,2020-07-13,299750.0,4482.0,35006.0,276.0
Mexico,2020-07-14,304435.0,4685.0,35449.0,443.0
Mexico,2020-07-15,311486.0,7051.0,36327.0,878.0
Mexico,2020-07-16,317635.0,6149.0,36906.0,579.0
Mexico,2020-07-17,324041.0,6406.0,37574.0,668.0
Mexico,2020-07-18,331298.0,7257.0,38310.0,736.0
Mexico,2020-07-19,338913.0,7615.0,38888.0,578.0
Mexico,2020-07-20,344224.0,5311.0,39184.0,296.0
Mexico,2020-07-21,349396.0,5172.0,39485.0,301.0
Mexico,2020-07-22,356255.0,6859.0,40400.0,915.0
Mexico,2020-07-23,362274.0,6019.0,41190.0,790.0
Mexico,2020-07-24,370712.0,8438.0,41908.0,718.0
Mexico,2020-07-25,378285.0,7573.0,42645.0,737.0
Mexico,2020-07-26,385036.0,6751.0,43374.0,729.0
Mexico,2020-07-27,390516.0,5480.0,43680.0,306.0
Peru,2020-03-04,0.0,0.0,0.0,0.0
Peru,2020-03-05,0.0,0.0,0.0,0.0
Peru,2020-03-06,0.0,0.0,0.0,0.0
Peru,2020-03-07,1.0,1.0,0.0,0.0
Peru,2020-03-08,0.0,0.0,0.0,0.0
Peru,2020-03-09,7.0,6.0,0.0,0.0
Peru,2020-03-10,9.0,2.0,0.0,0.0
Peru,2020-03-11,11.0,2.0,0.0,0.0
Peru,2020-03-12,17.0,6.0,0.0,0.0
Peru,2020-03-13,22.0,5.0,0.0,0.0
Peru,2020-03-14,38.0,16.0,0.0,0.0
Peru,2020-03-15,43.0,5.0,0.0,0.0
Peru,2020-03-16,71.0,28.0,0.0,0.0
Peru,2020-03-17,86.0,15.0,0.0,0.0
Peru,2020-03-18,117.0,31.0,0.0,0.0
Peru,2020-03-19,145.0,28.0,0.0,0.0
Peru,2020-03-20,234.0,89.0,2.0,2.0
Peru,2020-03-21,263.0,29.0,3.0,1.0
Peru,2020-03-22,318.0,55.0,5.0,2.0
Peru,2020-03-23,363.0,45.0,5.0,0.0
Peru,2020-03-24,395.0,32.0,5.0,0.0
Peru,2020-03-25,416.0,21.0,7.0,2.0
Peru,2020-03-26,558.0,142.0,8.0,1.0
Peru,2020-03-27,580.0,22.0,9.0,1.0
Peru,2020-03-28,635.0,55.0,11.0,2.0
Peru,2020-03-29,671.0,36.0,16.0,5.0
Peru,2020-03-30,852.0,181.0,18.0,2.0
Peru,2020-03-31,950.0,98.0,24.0,6.0
Peru,2020-04-01,1065.0,115.0,30.0,6.0
Peru,2020-04-02,1323.0,258.0,47.0,17.0
Peru,2020-04-03,1414.0,91.0,55.0,8.0
Peru,2020-04-04,1595.0,181.0,61.0,6.0
Peru,2020-04-05,1746.0,151.0,73.0,12.0
Peru,2020-04-06,2281.0,535.0,83.0,10.0
Peru,2020-04-07,2561.0,280.0,92.0,9.0
Peru,2020-04-08,2954.0,393.0,107.0,15.0
Peru,2020-04-09,4342.0,1388.0,121.0,14.0
Peru,2020-04-10,5256.0,914.0,138.0,17.0
Peru,2020-04-11,5897.0,641.0,169.0,31.0
Peru,2020-04-12,6848.0,951.0,181.0,12.0
Peru,2020-04-13,7519.0,671.0,193.0,12.0
Peru,2020-04-14,7519.0,0.0,193.0,0.0
Peru,2020-04-15,10303.0,2784.0,230.0,37.0
Peru,2020-04-16,11475.0,1172.0,254.0,24.0
Peru,2020-04-17,12491.0,1016.0,274.0,20.0
Peru,2020-04-18,13489.0,998.0,300.0,26.0
Peru,2020-04-19,14420.0,931.0,348.0,48.0
Peru,2020-04-20,15628.0,1208.0,400.0,52.0
Peru,2020-04-21,16325.0,697.0,445.0,45.0
Peru,2020-04-22,17837.0,1512.0,484.0,39.0
Peru,2020-04-23,19250.0,1413.0,530.0,46.0
Peru,2020-04-24,20914.0,1664.0,572.0,42.0
Peru,2020-04-25,21648.0,734.0,634.0,62.0
Peru,2020-04-26,25331.0,3683.0,700.0,66.0
Peru,2020-04-27,27517.0,2186.0,728.0,28.0
Peru,2020-04-28,28699.0,1182.0,782.0,54.0
Peru,2020-04-29,31190.0,2491.0,854.0,72.0
Peru,2020-04-30,33931.0,2741.0,943.0,89.0
Peru,2020-05-01,36976.0,3045.0,1051.0,108.0
Peru,2020-05-02,40459.0,3483.0,1124.0,73.0
Peru,2020-05-03,42534.0,2075.0,1200.0,76.0
Peru,2020-05-04,45928.0,3394.0,1286.0,86.0
Peru,2020-05-05,47372.0,1444.0,1344.0,58.0
Peru,2020-05-06,51189.0,3817.0,1444.0,100.0
Peru,2020-05-07,54817.0,3628.0,1533.0,89.0
Peru,2020-05-08,58526.0,3709.0,1627.0,94.0
Peru,2020-05-09,61847.0,3321.0,1714.0,87.0
Peru,2020-05-10,65015.0,3168.0,1814.0,100.0
Peru,2020-05-11,67307.0,2292.0,1889.0,75.0
Peru,2020-05-12,68822.0,1515.0,1961.0,72.0
Peru,2020-05-13,72059.0,3237.0,2057.0,96.0
Peru,2020-05-14,76306.0,4247.0,2169.0,112.0
Peru,2020-05-15,80604.0,4298.0,2267.0,98.0
Peru,2020-05-16,84495.0,3891.0,2393.0,126.0
Peru,2020-05-17,88541.0,4046.0,2523.0,130.0
Peru,2020-05-18,92273.0,3732.0,2648.0,125.0
Peru,2020-05-19,94933.0,2660.0,2789.0,141.0
Peru,2020-05-20,99483.0,4550.0,2914.0,125.0
Peru,2020-05-21,104020.0,4537.0,3024.0,110.0
Peru,2020-05-22,108769.0,4749.0,3148.0,124.0
Peru,2020-05-23,111698.0,2929.0,3244.0,96.0
Peru,2020-05-24,115754.0,4056.0,3373.0,129.0
Peru,2020-05-25,119959.0,4205.0,3456.0,83.0
Peru,2020-05-26,123979.0,4020.0,3629.0,173.0
Peru,2020-05-27,129751.0,5772.0,3788.0,159.0
Peru,2020-05-28,135905.0,6154.0,3983.0,195.0
Peru,2020-05-29,141779.0,5874.0,4099.0,116.0
Peru,2020-05-30,148285.0,6506.0,4230.0,131.0
Peru,2020-05-31,155671.0,7386.0,4371.0,141.0
Peru,2020-06-01,164476.0,8805.0,4506.0,135.0
Peru,2020-06-02,170039.0,5563.0,4634.0,128.0
Peru,2020-06-03,170039.0,0.0,4634.0,0.0
Peru,2020-06-04,178914.0,8875.0,4894.0,260.0
Peru,2020-06-05,183198.0,4284.0,5031.0,137.0
Peru,2020-06-06,187400.0,4202.0,5162.0,131.0
Peru,2020-06-07,191758.0,4358.0,5301.0,139.0
Peru,2020-06-08,196515.0,4757.0,5465.0,164.0
Peru,2020-06-09,199696.0,3181.0,5571.0,106.0
Peru,2020-06-10,203736.0,4040.0,5738.0,167.0
Peru,2020-06-11,208823.0,5087.0,5903.0,165.0
Peru,2020-06-12,214788.0,5965.0,6109.0,206.0
Peru,2020-06-13,220749.0,5961.0,6308.0,199.0
Peru,2020-06-14,225132.0,4383.0,6498.0,190.0
Peru,2020-06-15,229736.0,4604.0,6688.0,190.0
Peru,2020-06-16,232992.0,3256.0,6860.0,172.0
Peru,2020-06-17,237156.0,4164.0,7056.0,196.0
Peru,2020-06-18,240908.0,3752.0,7257.0,201.0
Peru,2020-06-19,244388.0,3480.0,7461.0,204.0
Peru,2020-06-20,247925.0,3537.0,7660.0,199.0
Peru,2020-06-21,251338.0,3413.0,7861.0,201.0
Peru,2020-06-22,254936.0,3598.0,8045.0,184.0
Peru,2020-06-23,254936.0,0.0,8045.0,0.0
Peru,2020-06-24,260810.0,5874.0,8404.0,359.0
Peru,2020-06-25,264689.0,3879.0,8586.0,182.0
Peru,2020-06-26,268602.0,3913.0,8761.0,175.0
Peru,2020-06-27,272364.0,3762.0,8939.0,178.0
Peru,2020-06-28,275989.0,3625.0,9135.0,196.0
Peru,2020-06-29,279419.0,3430.0,9317.0,182.0
Peru,2020-06-30,282365.0,2946.0,9504.0,187.0
Peru,2020-07-01,285213.0,2848.0,9677.0,173.0
Peru,2020-07-02,288477.0,3264.0,9860.0,183.0
Peru,2020-07-03,292004.0,3527.0,10045.0,185.0
Peru,2020-07-04,295599.0,3595.0,10226.0,181.0
Peru,2020-07-05,299080.0,3481.0,10412.0,186.0
Peru,2020-07-06,302718.0,3638.0,10589.0,177.0
Peru,2020-07-07,305703.0,2985.0,10772.0,183.0
Peru,2020-07-08,309278.0,3575.0,10952.0,180.0
Peru,2020-07-09,312911.0,3633.0,11133.0,181.0
Peru,2020-07-10,316448.0,3537.0,11314.0,181.0
Peru,2020-07-11,319646.0,3198.0,11500.0,186.0
Peru,2020-07-12,322710.0,3064.0,11682.0,182.0
Peru,2020-07-13,326326.0,3616.0,11870.0,188.0
Peru,2020-07-14,330123.0,3797.0,12054.0,184.0
Peru,2020-07-15,333867.0,3744.0,12229.0,175.0
Peru,2020-07-16,337724.0,3857.0,12417.0,188.0
Peru,2020-07-17,341586.0,3862.0,12615.0,198.0
Peru,2020-07-18,345537.0,3951.0,12799.0,184.0
Peru,2020-07-19,349500.0,3963.0,12998.0,199.0
Peru,2020-07-20,353590.0,4090.0,13187.0,189.0
Peru,2020-07-21,357681.0,4091.0,13384.0,197.0
Peru,2020-07-22,362087.0,4406.0,13579.0,195.0
Peru,2020-07-23,366550.0,4463.0,13767.0,188.0
Peru,2020-07-24,371096.0,4546.0,17654.0,3887.0
Peru,2020-07-25,375961.0,4865.0,17843.0,189.0
Peru,2020-07-26,379884.0,3923.0,18030.0,187.0
Peru,2020-07-27,384797.0,4913.0,18229.0,199.0
Russia,2019-12-31,0.0,0.0,0.0,0.0
Russia,2020-01-01,0.0,0.0,0.0,0.0
Russia,2020-01-02,0.0,0.0,0.0,0.0
Russia,2020-01-03,0.0,0.0,0.0,0.0
Russia,2020-01-04,0.0,0.0,0.0,0.0
Russia,2020-01-05,0.0,0.0,0.0,0.0
Russia,2020-01-06,0.0,0.0,0.0,0.0
Russia,2020-01-07,0.0,0.0,0.0,0.0
Russia,2020-01-08,0.0,0.0,0.0,0.0
Russia,2020-01-09,0.0,0.0,0.0,0.0
Russia,2020-01-10,0.0,0.0,0.0,0.0
Russia,2020-01-11,0.0,0.0,0.0,0.0
Russia,2020-01-12,0.0,0.0,0.0,0.0
Russia,2020-01-13,0.0,0.0,0.0,0.0
Russia,2020-01-14,0.0,0.0,0.0,0.0
Russia,2020-01-15,0.0,0.0,0.0,0.0
Russia,2020-01-16,0.0,0.0,0.0,0.0
Russia,2020-01-17,0.0,0.0,0.0,0.0
Russia,2020-01-18,0.0,0.0,0.0,0.0
Russia,2020-01-19,0.0,0.0,0.0,0.0
Russia,2020-01-20,0.0,0.0,0.0,0.0
Russia,2020-01-21,0.0,0.0,0.0,0.0
Russia,2020-01-22,0.0,0.0,0.0,0.0
Russia,2020-01-23,0.0,0.0,0.0,0.0
Russia,2020-01-24,0.0,0.0,0.0,0.0
Russia,2020-01-25,0.0,0.0,0.0,0.0
Russia,2020-01-26,0.0,0.0,0.0,0.0
Russia,2020-01-27,0.0,0.0,0.0,0.0
Russia,2020-01-28,0.0,0.0,0.0,0.0
Russia,2020-01-29,0.0,0.0,0.0,0.0
Russia,2020-01-30,0.0,0.0,0.0,0.0
Russia,2020-01-31,0.0,0.0,0.0,0.0
Russia,2020-02-01,2.0,2.0,0.0,0.0
Russia,2020-02-02,2.0,0.0,0.0,0.0
Russia,2020-02-03,2.0,0.0,0.0,0.0
Russia,2020-02-04,2.0,0.0,0.0,0.0
Russia,2020-02-05,2.0,0.0,0.0,0.0
Russia,2020-02-06,2.0,0.0,0.0,0.0
Russia,2020-02-07,2.0,0.0,0.0,0.0
Russia,2020-02-08,2.0,0.0,0.0,0.0
Russia,2020-02-09,2.0,0.0,0.0,0.0
Russia,2020-02-10,2.0,0.0,0.0,0.0
Russia,2020-02-11,2.0,0.0,0.0,0.0
Russia,2020-02-12,2.0,0.0,0.0,0.0
Russia,2020-02-13,2.0,0.0,0.0,0.0
Russia,2020-02-14,2.0,0.0,0.0,0.0
Russia,2020-02-15,2.0,0.0,0.0,0.0
Russia,2020-02-16,2.0,0.0,0.0,0.0
Russia,2020-02-17,2.0,0.0,0.0,0.0
Russia,2020-02-18,2.0,0.0,0.0,0.0
Russia,2020-02-19,2.0,0.0,0.0,0.0
Russia,2020-02-20,2.0,0.0,0.0,0.0
Russia,2020-02-21,2.0,0.0,0.0,0.0
Russia,2020-02-22,2.0,0.0,0.0,0.0
Russia,2020-02-23,2.0,0.0,0.0,0.0
Russia,2020-02-24,2.0,0.0,0.0,0.0
Russia,2020-02-25,2.0,0.0,0.0,0.0
Russia,2020-02-26,2.0,0.0,0.0,0.0
Russia,2020-02-27,2.0,0.0,0.0,0.0
Russia,2020-02-28,2.0,0.0,0.0,0.0
Russia,2020-02-29,2.0,0.0,0.0,0.0
Russia,2020-03-01,2.0,0.0,0.0,0.0
Russia,2020-03-02,2.0,0.0,0.0,0.0
Russia,2020-03-03,3.0,1.0,0.0,0.0
Russia,2020-03-04,4.0,1.0,0.0,0.0
Russia,2020-03-05,4.0,0.0,0.0,0.0
Russia,2020-03-06,4.0,0.0,0.0,0.0
Russia,2020-03-07,10.0,6.0,0.0,0.0
Russia,2020-03-08,10.0,0.0,0.0,0.0
Russia,2020-03-09,10.0,0.0,0.0,0.0
Russia,2020-03-10,10.0,0.0,0.0,0.0
Russia,2020-03-11,10.0,0.0,0.0,0.0
Russia,2020-03-12,25.0,15.0,0.0,0.0
Russia,2020-03-13,30.0,5.0,0.0,0.0
Russia,2020-03-14,45.0,15.0,0.0,0.0
Russia,2020-03-15,59.0,14.0,0.0,0.0
Russia,2020-03-16,63.0,4.0,0.0,0.0
Russia,2020-03-17,93.0,30.0,0.0,0.0
Russia,2020-03-18,114.0,21.0,0.0,0.0
Russia,2020-03-19,147.0,33.0,0.0,0.0
Russia,2020-03-20,199.0,52.0,0.0,0.0
Russia,2020-03-21,253.0,54.0,0.0,0.0
Russia,2020-03-22,306.0,53.0,0.0,0.0
Russia,2020-03-23,438.0,132.0,0.0,0.0
Russia,2020-03-24,438.0,0.0,0.0,0.0
Russia,2020-03-25,495.0,57.0,0.0,0.0
Russia,2020-03-26,658.0,163.0,0.0,0.0
Russia,2020-03-27,840.0,182.0,2.0,2.0
Russia,2020-03-28,1036.0,196.0,4.0,2.0
Russia,2020-03-29,1264.0,228.0,5.0,1.0
Russia,2020-03-30,1534.0,270.0,8.0,3.0
Russia,2020-03-31,1836.0,302.0,10.0,2.0
Russia,2020-04-01,2337.0,501.0,17.0,7.0
Russia,2020-04-02,2777.0,440.0,24.0,7.0
Russia,2020-04-03,3548.0,771.0,30.0,6.0
Russia,2020-04-04,4149.0,601.0,34.0,4.0
Russia,2020-04-05,4731.0,582.0,43.0,9.0
Russia,2020-04-06,5389.0,658.0,45.0,2.0
Russia,2020-04-07,6343.0,954.0,47.0,2.0
Russia,2020-04-08,7497.0,1154.0,58.0,11.0
Russia,2020-04-09,8672.0,1175.0,63.0,5.0
Russia,2020-04-10,10131.0,1459.0,76.0,13.0
Russia,2020-04-11,11917.0,1786.0,94.0,18.0
Russia,2020-04-12,13584.0,1667.0,106.0,12.0
Russia,2020-04-13,15770.0,2186.0,130.0,24.0
Russia,2020-04-14,18328.0,2558.0,148.0,18.0
Russia,2020-04-15,21102.0,2774.0,170.0,22.0
Russia,2020-04-16,24490.0,3388.0,198.0,28.0
Russia,2020-04-17,27938.0,3448.0,232.0,34.0
Russia,2020-04-18,32008.0,4070.0,273.0,41.0
Russia,2020-04-19,36793.0,4785.0,313.0,40.0
Russia,2020-04-20,42853.0,6060.0,361.0,48.0
Russia,2020-04-21,47121.0,4268.0,405.0,44.0
Russia,2020-04-22,52763.0,5642.0,456.0,51.0
Russia,2020-04-23,57999.0,5236.0,513.0,57.0
Russia,2020-04-24,62773.0,4774.0,555.0,42.0
Russia,2020-04-25,68622.0,5849.0,615.0,60.0
Russia,2020-04-26,74588.0,5966.0,681.0,66.0
Russia,2020-04-27,80949.0,6361.0,747.0,66.0
Russia,2020-04-28,87147.0,6198.0,795.0,48.0
Russia,2020-04-29,93558.0,6411.0,867.0,72.0
Russia,2020-04-30,99399.0,5841.0,972.0,105.0
Russia,2020-05-01,106498.0,7099.0,1073.0,101.0
Russia,2020-05-02,114431.0,7933.0,1169.0,96.0
Russia,2020-05-03,124054.0,9623.0,1222.0,53.0
Russia,2020-05-04,134687.0,10633.0,1280.0,58.0
Russia,2020-05-05,145268.0,10581.0,1356.0,76.0
Russia,2020-05-06,155370.0,10102.0,1451.0,95.0
Russia,2020-05-07,165929.0,10559.0,1537.0,86.0
Russia,2020-05-08,177160.0,11231.0,1625.0,88.0
Russia,2020-05-09,187859.0,10699.0,1723.0,98.0
Russia,2020-05-10,198676.0,10817.0,1827.0,104.0
Russia,2020-05-11,209688.0,11012.0,1915.0,88.0
Russia,2020-05-12,221344.0,11656.0,2009.0,94.0
Russia,2020-05-13,232243.0,10899.0,2116.0,107.0
Russia,2020-05-14,242271.0,10028.0,2212.0,96.0
Russia,2020-05-15,252245.0,9974.0,2305.0,93.0
Russia,2020-05-16,262843.0,10598.0,2418.0,113.0
Russia,2020-05-17,272043.0,9200.0,2537.0,119.0
Russia,2020-05-18,281752.0,9709.0,2631.0,94.0
Russia,2020-05-19,290678.0,8926.0,2722.0,91.0
Russia,2020-05-20,299941.0,9263.0,2837.0,115.0
Russia,2020-05-21,308705.0,8764.0,2972.0,135.0
Russia,2020-05-22,317554.0,8849.0,3099.0,127.0
Russia,2020-05-23,326448.0,8894.0,3249.0,150.0
Russia,2020-05-24,335882.0,9434.0,3388.0,139.0
Russia,2020-05-25,344481.0,8599.0,3541.0,153.0
Russia,2020-05-26,353427.0,8946.0,3633.0,92.0
Russia,2020-05-27,362342.0,8915.0,3807.0,174.0
Russia,2020-05-28,370680.0,8338.0,3968.0,161.0
Russia,2020-05-29,379051.0,8371.0,4142.0,174.0
Russia,2020-05-30,387623.0,8572.0,4374.0,232.0
Russia,2020-05-31,396575.0,8952.0,4555.0,181.0
Russia,2020-06-01,405843.0,9268.0,4693.0,138.0
Russia,2020-06-02,414878.0,9035.0,4855.0,162.0
Russia,2020-06-03,423741.0,8863.0,5037.0,182.0
Russia,2020-06-04,432277.0,8536.0,5215.0,178.0
Russia,2020-06-05,441108.0,8831.0,5384.0,169.0
Russia,2020-06-06,449834.0,8726.0,5528.0,144.0
Russia,2020-06-07,458689.0,8855.0,5725.0,197.0
Russia,2020-06-08,467673.0,8984.0,5859.0,134.0
Russia,2020-06-09,476658.0,8985.0,5971.0,112.0
Russia,2020-06-10,485253.0,8595.0,6141.0,170.0
Russia,2020-06-11,493657.0,8404.0,6358.0,217.0
Russia,2020-06-12,502436.0,8779.0,6532.0,174.0
Russia,2020-06-13,511423.0,8987.0,6715.0,183.0
Russia,2020-06-14,520129.0,8706.0,6829.0,114.0
Russia,2020-06-15,528964.0,8835.0,6948.0,119.0
Russia,2020-06-16,537210.0,8246.0,7091.0,143.0
Russia,2020-06-17,545458.0,8248.0,7284.0,193.0
Russia,2020-06-18,553301.0,7843.0,7478.0,194.0
Russia,2020-06-19,561091.0,7790.0,7790.0,312.0
Russia,2020-06-20,569063.0,7972.0,7972.0,182.0
Russia,2020-06-21,576952.0,7889.0,8002.0,30.0
Russia,2020-06-22,584680.0,7728.0,8111.0,109.0
Russia,2020-06-23,592280.0,7600.0,8206.0,95.0
Russia,2020-06-24,599705.0,7425.0,8359.0,153.0
Russia,2020-06-25,606881.0,7176.0,8513.0,154.0
Russia,2020-06-26,613994.0,7113.0,8605.0,92.0
Russia,2020-06-27,620794.0,6800.0,8781.0,176.0
Russia,2020-06-28,627646.0,6852.0,8969.0,188.0
Russia,2020-06-29,634437.0,6791.0,9073.0,104.0
Russia,2020-06-30,641156.0,6719.0,9166.0,93.0
Russia,2020-07-01,647849.0,6693.0,9320.0,154.0
Russia,2020-07-02,654405.0,6556.0,9536.0,216.0
Russia,2020-07-03,661165.0,6760.0,9683.0,147.0
Russia,2020-07-04,667883.0,6718.0,9859.0,176.0
Russia,2020-07-05,674515.0,6632.0,10027.0,168.0
Russia,2020-07-06,681251.0,6736.0,10161.0,134.0
Russia,2020-07-07,687862.0,6611.0,10296.0,135.0
Russia,2020-07-08,694230.0,6368.0,10494.0,198.0
Russia,2020-07-09,700792.0,6562.0,10667.0,173.0
Russia,2020-07-10,707301.0,6509.0,10843.0,176.0
Russia,2020-07-11,713936.0,6635.0,11017.0,174.0
Russia,2020-07-12,720547.0,6611.0,11205.0,188.0
Russia,2020-07-13,727162.0,6615.0,11335.0,130.0
Russia,2020-07-14,733699.0,6537.0,11439.0,104.0
Russia,2020-07-15,739947.0,6248.0,11614.0,175.0
Russia,2020-07-16,746369.0,6422.0,11770.0,156.0
Russia,2020-07-17,752797.0,6428.0,11937.0,167.0
Russia,2020-07-18,765437.0,12640.0,12247.0,310.0
Russia,2020-07-19,771546.0,6109.0,12342.0,95.0
Russia,2020-07-20,771546.0,0.0,12342.0,0.0
Russia,2020-07-21,777486.0,5940.0,12427.0,85.0
Russia,2020-07-22,783328.0,5842.0,12580.0,153.0
Russia,2020-07-23,789190.0,5862.0,12745.0,165.0
Russia,2020-07-24,795038.0,5848.0,12892.0,147.0
Russia,2020-07-25,800849.0,5811.0,13046.0,154.0
Russia,2020-07-26,806720.0,5871.0,13192.0,146.0
Russia,2020-07-27,812485.0,5765.0,13269.0,77.0
South Africa,2020-02-07,0.0,0.0,0.0,0.0
South Africa,2020-02-08,0.0,0.0,0.0,0.0
South Africa,2020-02-09,0.0,0.0,0.0,0.0
South Africa,2020-02-10,0.0,0.0,0.0,0.0
South Africa,2020-02-11,0.0,0.0,0.0,0.0
South Africa,2020-02-12,0.0,0.0,0.0,0.0
South Africa,2020-02-13,0.0,0.0,0.0,0.0
South Africa,2020-02-14,0.0,0.0,0.0,0.0
South Africa,2020-02-15,0.0,0.0,0.0,0.0
South Africa,2020-02-16,0.0,0.0,0.0,0.0
South Africa,2020-02-17,0.0,0.0,0.0,0.0
South Africa,2020-02-18,0.0,0.0,0.0,0.0
South Africa,2020-02-19,0.0,0.0,0.0,0.0
South Africa,2020-02-20,0.0,0.0,0.0,0.0
South Africa,2020-02-21,0.0,0.0,0.0,0.0
South Africa,2020-02-22,0.0,0.0,0.0,0.0
South Africa,2020-02-23,0.0,0.0,0.0,0.0
South Africa,2020-02-24,0.0,0.0,0.0,0.0
South Africa,2020-02-25,0.0,0.0,0.0,0.0
South Africa,2020-02-26,0.0,0.0,0.0,0.0
South Africa,2020-02-27,0.0,0.0,0.0,0.0
South Africa,2020-02-28,0.0,0.0,0.0,0.0
South Africa,2020-02-29,0.0,0.0,0.0,0.0
South Africa,2020-03-01,0.0,0.0,0.0,0.0
South Africa,2020-03-02,0.0,0.0,0.0,0.0
South Africa,2020-03-03,0.0,0.0,0.0,0.0
South Africa,2020-03-04,0.0,0.0,0.0,0.0
South Africa,2020-03-05,0.0,0.0,0.0,0.0
South Africa,2020-03-06,1.0,1.0,0.0,0.0
South Africa,2020-03-07,0.0,0.0,0.0,0.0
South Africa,2020-03-08,2.0,1.0,0.0,0.0
South Africa,2020-03-09,3.0,1.0,0.0,0.0
South Africa,2020-03-10,7.0,4.0,0.0,0.0
South Africa,2020-03-11,0.0,0.0,0.0,0.0
South Africa,2020-03-12,13.0,6.0,0.0,0.0
South Africa,2020-03-13,17.0,4.0,0.0,0.0
South Africa,2020-03-14,24.0,7.0,0.0,0.0
South Africa,2020-03-15,24.0,0.0,0.0,0.0
South Africa,2020-03-16,51.0,27.0,0.0,0.0
South Africa,2020-03-17,62.0,11.0,0.0,0.0
South Africa,2020-03-18,85.0,23.0,0.0,0.0
South Africa,2020-03-19,116.0,31.0,0.0,0.0
South Africa,2020-03-20,150.0,34.0,0.0,0.0
South Africa,2020-03-21,205.0,55.0,0.0,0.0
South Africa,2020-03-22,240.0,35.0,0.0,0.0
South Africa,2020-03-23,274.0,34.0,0.0,0.0
South Africa,2020-03-24,402.0,128.0,0.0,0.0
South Africa,2020-03-25,557.0,155.0,0.0,0.0
South Africa,2020-03-26,709.0,152.0,0.0,0.0
South Africa,2020-03-27,927.0,218.0,2.0,2.0
South Africa,2020-03-28,1170.0,243.0,2.0,0.0
South Africa,2020-03-29,1187.0,17.0,2.0,0.0
South Africa,2020-03-30,1280.0,93.0,2.0,0.0
South Africa,2020-03-31,1326.0,46.0,3.0,1.0
South Africa,2020-04-01,1353.0,27.0,5.0,2.0
South Africa,2020-04-02,1380.0,27.0,5.0,0.0
South Africa,2020-04-03,1462.0,82.0,5.0,0.0
South Africa,2020-04-04,1505.0,43.0,7.0,2.0
South Africa,2020-04-05,1585.0,80.0,9.0,2.0
South Africa,2020-04-06,1655.0,70.0,11.0,2.0
South Africa,2020-04-07,1686.0,31.0,12.0,1.0
South Africa,2020-04-08,1749.0,63.0,13.0,1.0
South Africa,2020-04-09,1845.0,96.0,18.0,5.0
South Africa,2020-04-10,1934.0,89.0,18.0,0.0
South Africa,2020-04-11,2003.0,69.0,24.0,6.0
South Africa,2020-04-12,2028.0,25.0,25.0,1.0
South Africa,2020-04-13,2173.0,145.0,25.0,0.0
South Africa,2020-04-14,2272.0,99.0,27.0,2.0
South Africa,2020-04-15,2415.0,143.0,27.0,0.0
South Africa,2020-04-16,2506.0,91.0,34.0,7.0
South Africa,2020-04-17,2605.0,99.0,48.0,14.0
South Africa,2020-04-18,2783.0,178.0,50.0,2.0
South Africa,2020-04-19,3034.0,251.0,52.0,2.0
South Africa,2020-04-20,3158.0,124.0,54.0,2.0
South Africa,2020-04-21,3300.0,142.0,58.0,4.0
South Africa,2020-04-22,3465.0,165.0,58.0,0.0
South Africa,2020-04-23,3635.0,170.0,65.0,7.0
South Africa,2020-04-24,3953.0,318.0,75.0,10.0
South Africa,2020-04-25,4220.0,267.0,79.0,4.0
South Africa,2020-04-26,4361.0,141.0,86.0,7.0
South Africa,2020-04-27,4546.0,185.0,87.0,1.0
South Africa,2020-04-28,4793.0,247.0,90.0,3.0
South Africa,2020-04-29,4996.0,203.0,93.0,3.0
South Africa,2020-04-30,5350.0,354.0,103.0,10.0
South Africa,2020-05-01,5647.0,297.0,103.0,0.0
South Africa,2020-05-02,5951.0,304.0,116.0,13.0
South Africa,2020-05-03,6336.0,385.0,123.0,7.0
South Africa,2020-05-04,6783.0,447.0,131.0,8.0
South Africa,2020-05-05,7220.0,437.0,138.0,7.0
South Africa,2020-05-06,7572.0,352.0,148.0,10.0
South Africa,2020-05-07,7808.0,236.0,153.0,5.0
South Africa,2020-05-08,8232.0,424.0,161.0,8.0
South Africa,2020-05-09,8895.0,663.0,178.0,17.0
South Africa,2020-05-10,9420.0,525.0,186.0,8.0
South Africa,2020-05-11,10015.0,595.0,194.0,8.0
South Africa,2020-05-12,10652.0,637.0,206.0,12.0
South Africa,2020-05-13,11350.0,698.0,206.0,0.0
South Africa,2020-05-14,12074.0,724.0,219.0,13.0
South Africa,2020-05-15,12739.0,665.0,238.0,19.0
South Africa,2020-05-16,13524.0,785.0,247.0,9.0
South Africa,2020-05-17,14355.0,831.0,261.0,14.0
South Africa,2020-05-18,15515.0,1160.0,264.0,3.0
South Africa,2020-05-19,16433.0,918.0,286.0,22.0
South Africa,2020-05-20,17200.0,767.0,312.0,26.0
South Africa,2020-05-21,18003.0,803.0,339.0,27.0
South Africa,2020-05-22,19137.0,1134.0,369.0,30.0
South Africa,2020-05-23,20125.0,988.0,397.0,28.0
South Africa,2020-05-24,21343.0,1218.0,407.0,10.0
South Africa,2020-05-25,22583.0,1240.0,429.0,22.0
South Africa,2020-05-26,23615.0,1032.0,481.0,52.0
South Africa,2020-05-27,24264.0,649.0,524.0,43.0
South Africa,2020-05-28,25937.0,1673.0,552.0,28.0
South Africa,2020-05-29,27403.0,1466.0,577.0,25.0
South Africa,2020-05-30,29240.0,1837.0,611.0,34.0
South Africa,2020-05-31,30967.0,1727.0,643.0,32.0
South Africa,2020-06-01,32683.0,1716.0,683.0,40.0
South Africa,2020-06-02,34357.0,1674.0,705.0,22.0
South Africa,2020-06-03,35812.0,1455.0,755.0,50.0
South Africa,2020-06-04,37525.0,1713.0,792.0,37.0
South Africa,2020-06-05,40792.0,3267.0,848.0,56.0
South Africa,2020-06-06,43434.0,2642.0,908.0,60.0
South Africa,2020-06-07,45973.0,2539.0,952.0,44.0
South Africa,2020-06-08,48285.0,2312.0,998.0,46.0
South Africa,2020-06-09,50879.0,2594.0,1080.0,82.0
South Africa,2020-06-10,52991.0,2112.0,1162.0,82.0
South Africa,2020-06-11,55421.0,2430.0,1210.0,48.0
South Africa,2020-06-12,58568.0,3147.0,1289.0,79.0
South Africa,2020-06-13,61927.0,3359.0,1354.0,65.0
South Africa,2020-06-14,65736.0,3809.0,1423.0,69.0
South Africa,2020-06-15,70038.0,4302.0,1480.0,57.0
South Africa,2020-06-16,73533.0,3495.0,1568.0,88.0
South Africa,2020-06-17,76334.0,2801.0,1625.0,57.0
South Africa,2020-06-18,80412.0,4078.0,1674.0,49.0
South Africa,2020-06-19,83890.0,3478.0,1737.0,63.0
South Africa,2020-06-20,87715.0,3825.0,1831.0,94.0
South Africa,2020-06-21,92681.0,4966.0,1877.0,46.0
South Africa,2020-06-22,97302.0,4621.0,1930.0,53.0
South Africa,2020-06-23,101590.0,4288.0,1991.0,61.0
South Africa,2020-06-24,106108.0,4518.0,2102.0,111.0
South Africa,2020-06-25,111796.0,5688.0,2205.0,103.0
South Africa,2020-06-26,118375.0,6579.0,2292.0,87.0
South Africa,2020-06-27,124590.0,6215.0,2340.0,48.0
South Africa,2020-06-28,131800.0,7210.0,2413.0,73.0
South Africa,2020-06-29,138134.0,6334.0,2456.0,43.0
South Africa,2020-06-30,144264.0,6130.0,2529.0,73.0
South Africa,2020-07-01,151209.0,6945.0,2657.0,128.0
South Africa,2020-07-02,159333.0,8124.0,2749.0,92.0
South Africa,2020-07-03,168061.0,8728.0,2844.0,95.0
South Africa,2020-07-04,177124.0,9063.0,2952.0,108.0
South Africa,2020-07-05,187977.0,10853.0,3026.0,74.0
South Africa,2020-07-06,196750.0,8773.0,3199.0,173.0
South Africa,2020-07-07,205721.0,8971.0,3310.0,111.0
South Africa,2020-07-08,215855.0,10134.0,3502.0,192.0
South Africa,2020-07-09,224665.0,8810.0,3602.0,100.0
South Africa,2020-07-10,238339.0,13674.0,3720.0,118.0
South Africa,2020-07-11,250687.0,12348.0,3860.0,140.0
South Africa,2020-07-12,264184.0,13497.0,3971.0,111.0
South Africa,2020-07-13,276242.0,12058.0,4079.0,108.0
South Africa,2020-07-14,287796.0,11554.0,4172.0,93.0
South Africa,2020-07-15,298292.0,10496.0,4346.0,174.0
South Africa,2020-07-16,311049.0,12757.0,4453.0,107.0
South Africa,2020-07-17,324221.0,13172.0,4669.0,216.0
South Africa,2020-07-18,337594.0,13373.0,4804.0,135.0
South Africa,2020-07-19,350879.0,13285.0,4948.0,144.0
South Africa,2020-07-20,364328.0,13449.0,5033.0,85.0
South Africa,2020-07-21,373628.0,9300.0,5173.0,140.0
South Africa,2020-07-22,381798.0,8170.0,5368.0,195.0
South Africa,2020-07-23,394948.0,13150.0,5940.0,572.0
South Africa,2020-07-24,408052.0,13104.0,6093.0,153.0
South Africa,2020-07-25,421996.0,13944.0,6343.0,250.0
South Africa,2020-07-26,434200.0,12204.0,6655.0,312.0
South Africa,2020-07-27,445433.0,11233.0,6769.0,114.0
United States,2019-12-31,0.0,0.0,0.0,0.0
United States,2020-01-01,0.0,0.0,0.0,0.0
United States,2020-01-02,0.0,0.0,0.0,0.0
United States,2020-01-03,0.0,0.0,0.0,0.0
United States,2020-01-04,0.0,0.0,0.0,0.0
United States,2020-01-05,0.0,0.0,0.0,0.0
United States,2020-01-06,0.0,0.0,0.0,0.0
United States,2020-01-07,0.0,0.0,0.0,0.0
United States,2020-01-08,0.0,0.0,0.0,0.0
United States,2020-01-09,0.0,0.0,0.0,0.0
United States,2020-01-10,0.0,0.0,0.0,0.0
United States,2020-01-11,0.0,0.0,0.0,0.0
United States,2020-01-12,0.0,0.0,0.0,0.0
United States,2020-01-13,0.0,0.0,0.0,0.0
United States,2020-01-14,0.0,0.0,0.0,0.0
United States,2020-01-15,0.0,0.0,0.0,0.0
United States,2020-01-16,0.0,0.0,0.0,0.0
United States,2020-01-17,0.0,0.0,0.0,0.0
United States,2020-01-18,0.0,0.0,0.0,0.0
United States,2020-01-19,0.0,0.0,0.0,0.0
United States,2020-01-20,0.0,0.0,0.0,0.0
United States,2020-01-21,1.0,1.0,0.0,0.0
United States,2020-01-22,1.0,0.0,0.0,0.0
United States,2020-01-23,1.0,0.0,0.0,0.0
United States,2020-01-24,1.0,0.0,0.0,0.0
United States,2020-01-25,2.0,1.0,0.0,0.0
United States,2020-01-26,2.0,0.0,0.0,0.0
United States,2020-01-27,5.0,3.0,0.0,0.0
United States,2020-01-28,5.0,0.0,0.0,0.0
United States,2020-01-29,5.0,0.0,0.0,0.0
United States,2020-01-30,5.0,0.0,0.0,0.0
United States,2020-01-31,6.0,1.0,0.0,0.0
United States,2020-02-01,7.0,1.0,0.0,0.0
United States,2020-02-02,8.0,1.0,0.0,0.0
United States,2020-02-03,11.0,3.0,0.0,0.0
United States,2020-02-04,11.0,0.0,0.0,0.0
United States,2020-02-05,11.0,0.0,0.0,0.0
United States,2020-02-06,12.0,1.0,0.0,0.0
United States,2020-02-07,12.0,0.0,0.0,0.0
United States,2020-02-08,12.0,0.0,0.0,0.0
United States,2020-02-09,12.0,0.0,0.0,0.0
United States,2020-02-10,12.0,0.0,0.0,0.0
United States,2020-02-11,13.0,1.0,0.0,0.0
United States,2020-02-12,13.0,0.0,0.0,0.0
United States,2020-02-13,14.0,1.0,0.0,0.0
United States,2020-02-14,15.0,1.0,0.0,0.0
United States,2020-02-15,15.0,0.0,0.0,0.0
United States,2020-02-16,15.0,0.0,0.0,0.0
United States,2020-02-17,15.0,0.0,0.0,0.0
United States,2020-02-18,15.0,0.0,0.0,0.0
United States,2020-02-19,15.0,0.0,0.0,0.0
United States,2020-02-20,15.0,0.0,0.0,0.0
United States,2020-02-21,16.0,1.0,0.0,0.0
United States,2020-02-22,35.0,19.0,0.0,0.0
United States,2020-02-23,35.0,0.0,0.0,0.0
United States,2020-02-24,35.0,0.0,0.0,0.0
United States,2020-02-25,53.0,18.0,0.0,0.0
United States,2020-02-26,53.0,0.0,0.0,0.0
United States,2020-02-27,59.0,6.0,0.0,0.0
United States,2020-02-28,60.0,1.0,0.0,0.0
United States,2020-02-29,66.0,6.0,0.0,0.0
United States,2020-03-01,69.0,3.0,1.0,1.0
United States,2020-03-02,89.0,20.0,2.0,1.0
United States,2020-03-03,103.0,14.0,6.0,4.0
United States,2020-03-04,125.0,22.0,9.0,3.0
United States,2020-03-05,159.0,34.0,11.0,2.0
United States,2020-03-06,233.0,74.0,12.0,1.0
United States,2020-03-07,338.0,105.0,14.0,2.0
United States,2020-03-08,433.0,95.0,17.0,3.0
United States,2020-03-09,554.0,121.0,21.0,4.0
United States,2020-03-10,754.0,200.0,26.0,5.0
United States,2020-03-11,1025.0,271.0,28.0,2.0
United States,2020-03-12,1312.0,287.0,30.0,2.0
United States,2020-03-13,1663.0,351.0,40.0,10.0
United States,2020-03-14,2174.0,511.0,47.0,7.0
United States,2020-03-15,2951.0,777.0,57.0,10.0
United States,2020-03-16,3774.0,823.0,69.0,12.0
United States,2020-03-17,4661.0,887.0,85.0,16.0
United States,2020-03-18,6427.0,1766.0,108.0,23.0
United States,2020-03-19,9415.0,2988.0,150.0,42.0
United States,2020-03-20,14250.0,4835.0,150.0,0.0
United States,2020-03-21,19624.0,5374.0,260.0,110.0
United States,2020-03-22,26747.0,7123.0,340.0,80.0
United States,2020-03-23,35206.0,8459.0,471.0,131.0
United States,2020-03-24,46442.0,11236.0,590.0,119.0
United States,2020-03-25,55231.0,8789.0,801.0,211.0
United States,2020-03-26,69194.0,13963.0,1050.0,249.0
United States,2020-03-27,85991.0,16797.0,1296.0,246.0
United States,2020-03-28,104686.0,18695.0,1707.0,411.0
United States,2020-03-29,124665.0,19979.0,2191.0,484.0
United States,2020-03-30,143025.0,18360.0,2509.0,318.0
United States,2020-03-31,164620.0,21595.0,3170.0,661.0
United States,2020-04-01,189618.0,24998.0,4079.0,909.0
United States,2020-04-02,216721.0,27103.0,5138.0,1059.0
United States,2020-04-03,245540.0,28819.0,6053.0,915.0
United States,2020-04-04,277965.0,32425.0,7157.0,1104.0
United States,2020-04-05,312237.0,34272.0,8501.0,1344.0
United States,2020-04-06,337635.0,25398.0,9647.0,1146.0
United States,2020-04-07,368196.0,30561.0,10989.0,1342.0
United States,2020-04-08,398809.0,30613.0,12895.0,1906.0
United States,2020-04-09,432132.0,33323.0,14817.0,1922.0
United States,2020-04-10,466033.0,33901.0,16690.0,1873.0
United States,2020-04-11,501560.0,35527.0,18777.0,2087.0
United States,2020-04-12,529951.0,28391.0,20608.0,1831.0
United States,2020-04-13,557571.0,27620.0,22108.0,1500.0
United States,2020-04-14,582594.0,25023.0,23649.0,1541.0
United States,2020-04-15,609516.0,26922.0,26057.0,2408.0
United States,2020-04-16,639664.0,30148.0,30985.0,4928.0
United States,2020-04-17,671331.0,31667.0,33284.0,2299.0
United States,2020-04-18,702164.0,30833.0,37054.0,3770.0
United States,2020-04-19,735086.0,32922.0,38910.0,1856.0
United States,2020-04-20,759687.0,24601.0,40682.0,1772.0
United States,2020-04-21,787752.0,28065.0,42539.0,1857.0
United States,2020-04-22,825041.0,37289.0,45063.0,2524.0
United States,2020-04-23,842629.0,17588.0,46784.0,1721.0
United States,2020-04-24,869172.0,26543.0,49963.0,3179.0
United States,2020-04-25,890524.0,21352.0,51017.0,1054.0
United States,2020-04-26,939053.0,48529.0,53189.0,2172.0
United States,2020-04-27,965910.0,26857.0,54876.0,1687.0
United States,2020-04-28,988451.0,22541.0,56245.0,1369.0
United States,2020-04-29,1012583.0,24132.0,58355.0,2110.0
United States,2020-04-30,1039909.0,27326.0,60966.0,2611.0
United States,2020-05-01,1069826.0,29917.0,63006.0,2040.0
United States,2020-05-02,1103781.0,33955.0,65068.0,2062.0
United States,2020-05-03,1133069.0,29288.0,66385.0,1317.0
United States,2020-05-04,1158041.0,24972.0,67682.0,1297.0
United States,2020-05-05,1180634.0,22593.0,68934.0,1252.0
United States,2020-05-06,1204475.0,23841.0,71078.0,2144.0
United States,2020-05-07,1228603.0,24128.0,73431.0,2353.0
United States,2020-05-08,1256972.0,28369.0,75670.0,2239.0
United States,2020-05-09,1283929.0,26957.0,77180.0,1510.0
United States,2020-05-10,1309541.0,25612.0,78794.0,1614.0
United States,2020-05-11,1329799.0,20258.0,79528.0,734.0
United States,2020-05-12,1347916.0,18117.0,80684.0,1156.0
United States,2020-05-13,1369964.0,22048.0,82387.0,1703.0
United States,2020-05-14,1390746.0,20782.0,84133.0,1746.0
United States,2020-05-15,1417889.0,27143.0,85906.0,1773.0
United States,2020-05-16,1443397.0,25508.0,87568.0,1662.0
United States,2020-05-17,1467884.0,24487.0,88754.0,1186.0
United States,2020-05-18,1486757.0,18873.0,89562.0,808.0
United States,2020-05-19,1508598.0,21841.0,90353.0,791.0
United States,2020-05-20,1528568.0,19970.0,91921.0,1568.0
United States,2020-05-21,1551853.0,23285.0,93439.0,1518.0
United States,2020-05-22,1577287.0,25434.0,94702.0,1263.0
United States,2020-05-23,1601434.0,24147.0,96007.0,1305.0
United States,2020-05-24,1622670.0,21236.0,97087.0,1080.0
United States,2020-05-25,1643238.0,20568.0,97720.0,633.0
United States,2020-05-26,1662302.0,19064.0,98220.0,500.0
United States,2020-05-27,1681212.0,18910.0,98916.0,696.0
United States,2020-05-28,1699933.0,18721.0,100442.0,1526.0
United States,2020-05-29,1721750.0,21817.0,101617.0,1175.0
United States,2020-05-30,1747087.0,25337.0,102836.0,1219.0
United States,2020-05-31,1770384.0,23297.0,103781.0,945.0
United States,2020-06-01,1790191.0,19807.0,104383.0,602.0
United States,2020-06-02,1811277.0,21086.0,105147.0,764.0
United States,2020-06-03,1831821.0,20544.0,106181.0,1034.0
United States,2020-06-04,1851520.0,19699.0,107175.0,994.0
United States,2020-06-05,1872660.0,21140.0,108211.0,1036.0
United States,2020-06-06,1897838.0,25178.0,109143.0,932.0
United States,2020-06-07,1920061.0,22223.0,109802.0,659.0
United States,2020-06-08,1942363.0,22302.0,110514.0,712.0
United States,2020-06-09,1961185.0,18822.0,111007.0,493.0
United States,2020-06-10,1979850.0,18665.0,112006.0,999.0
United States,2020-06-11,2000464.0,20614.0,112924.0,918.0
United States,2020-06-12,2023347.0,22883.0,113820.0,896.0
United States,2020-06-13,2048986.0,25639.0,114669.0,849.0
United States,2020-06-14,2074526.0,25540.0,115436.0,767.0
United States,2020-06-15,2094069.0,19543.0,115732.0,296.0
United States,2020-06-16,2114026.0,19957.0,116127.0,395.0
United States,2020-06-17,2137731.0,23705.0,116963.0,836.0
United States,2020-06-18,2163290.0,25559.0,117717.0,754.0
United States,2020-06-19,2191052.0,27762.0,118434.0,717.0
United States,2020-06-20,2220961.0,29909.0,119112.0,678.0
United States,2020-06-21,2255119.0,34158.0,119719.0,607.0
United States,2020-06-22,2280912.0,25793.0,119975.0,256.0
United States,2020-06-23,2312302.0,31390.0,120402.0,427.0
United States,2020-06-24,2347022.0,34720.0,121228.0,826.0
United States,2020-06-25,2381361.0,34339.0,121979.0,751.0
United States,2020-06-26,2422310.0,40949.0,124416.0,2437.0
United States,2020-06-27,2467837.0,45527.0,125039.0,623.0
United States,2020-06-28,2510323.0,42486.0,125539.0,500.0
United States,2020-06-29,2548996.0,38673.0,125804.0,265.0
United States,2020-06-30,2590552.0,41556.0,126140.0,336.0
United States,2020-07-01,2634432.0,43880.0,127410.0,1270.0
United States,2020-07-02,2686480.0,52048.0,128062.0,652.0
United States,2020-07-03,2739879.0,53399.0,128740.0,678.0
United States,2020-07-04,2794321.0,54442.0,129434.0,694.0
United States,2020-07-05,2839542.0,45221.0,129676.0,242.0
United States,2020-07-06,2888635.0,49093.0,129947.0,271.0
United States,2020-07-07,2938625.0,49990.0,130306.0,359.0
United States,2020-07-08,2996098.0,57473.0,131480.0,1174.0
United States,2020-07-09,3055004.0,58906.0,132309.0,829.0
United States,2020-07-10,3118008.0,63004.0,133291.0,982.0
United States,2020-07-11,3184633.0,66625.0,134097.0,806.0
United States,2020-07-12,3247684.0,63051.0,134814.0,717.0
United States,2020-07-13,3304942.0,57258.0,135205.0,391.0
United States,2020-07-14,3363056.0,58114.0,135605.0,400.0
United States,2020-07-15,3431574.0,68518.0,136466.0,861.0
United States,2020-07-16,3499291.0,67717.0,137419.0,953.0
United States,2020-07-17,3576221.0,76930.0,138358.0,939.0
United States,2020-07-18,3647715.0,71494.0,139266.0,908.0
United States,2020-07-19,3711464.0,63749.0,140119.0,853.0
United States,2020-07-20,3773260.0,61796.0,140534.0,415.0
United States,2020-07-21,3830010.0,56750.0,140906.0,372.0
United States,2020-07-22,3902058.0,72048.0,142066.0,1160.0
United States,2020-07-23,3970906.0,68848.0,143190.0,1124.0
United States,2020-07-24,4034102.0,63196.0,144242.0,1052.0
United States,2020-07-25,4112529.0,78427.0,145546.0,1304.0
United States,2020-07-26,4178027.0,65498.0,146460.0,914.0
United States,2020-07-27,4234020.0,55993.0,146935.0,475.0
